--------------------------------------------------------
--  File created - Friday-December-02-2011   
--------------------------------------------------------
----REM INSERTING into EXTERNAL_SYSTEM
Insert into "EXTERNAL_SYSTEM" ("EXTERNAL_SYSTEM_ID","NAME","CODE") values (202,'External System 1','es1-code');
Insert into "EXTERNAL_SYSTEM" ("EXTERNAL_SYSTEM_ID","NAME","CODE") values (5402,'External System 2','es2-code');
Insert into "EXTERNAL_SYSTEM" ("EXTERNAL_SYSTEM_ID","NAME","CODE") values (5403,'External System 3','es3-code');
Insert into "EXTERNAL_SYSTEM" ("EXTERNAL_SYSTEM_ID","NAME","CODE") values (6102,'SmartVista','SmartVista');
Insert into "EXTERNAL_SYSTEM" ("EXTERNAL_SYSTEM_ID","NAME","CODE") values (5902,'Test1','1211111');
Insert into "EXTERNAL_SYSTEM" ("EXTERNAL_SYSTEM_ID","NAME","CODE") values (5959,'88','999');

----REM INSERTING into APPLICATION_SPECIFICATION
Insert into "APPLICATION_SPECIFICATION" ("APP_SPEC_ID","EXTERNAL_SYSTEM_ID","NAME","CODE") values (6001,6102,'application spec 01','as01');
Insert into "APPLICATION_SPECIFICATION" ("APP_SPEC_ID","EXTERNAL_SYSTEM_ID","NAME","CODE") values (5951,6102,'application spec 35','as35');
Insert into "APPLICATION_SPECIFICATION" ("APP_SPEC_ID","EXTERNAL_SYSTEM_ID","NAME","CODE") values (6002,6102,'application spec 51','as51');

----REM INSERTING into DATA_TYPE
Insert into "DATA_TYPE" ("DATA_TYPE_ID","DESCRIPTION","CODE") values (0,'String','String');
Insert into "DATA_TYPE" ("DATA_TYPE_ID","DESCRIPTION","CODE") values (1,'Integer','Integer');
Insert into "DATA_TYPE" ("DATA_TYPE_ID","DESCRIPTION","CODE") values (3,'Date','Date');
Insert into "DATA_TYPE" ("DATA_TYPE_ID","DESCRIPTION","CODE") values (2,'Double','Double');


----REM INSERTING into APPLICATION_FIELD_SPEC
Insert into "APPLICATION_FIELD_SPEC" ("APP_SPEC_ID","NAME","FORMAT_PATTERN","DATA_TYPE_ID","APP_FIELD_SPEC_ID") values (6001,'paramValue',null,1,4255);
Insert into "APPLICATION_FIELD_SPEC" ("APP_SPEC_ID","NAME","FORMAT_PATTERN","DATA_TYPE_ID","APP_FIELD_SPEC_ID") values (6002,'agreementStartDate','yyyy-MM-dd',3,4258);
Insert into "APPLICATION_FIELD_SPEC" ("APP_SPEC_ID","NAME","FORMAT_PATTERN","DATA_TYPE_ID","APP_FIELD_SPEC_ID") values (6002,'addressType',null,0,4259);
Insert into "APPLICATION_FIELD_SPEC" ("APP_SPEC_ID","NAME","FORMAT_PATTERN","DATA_TYPE_ID","APP_FIELD_SPEC_ID") values (6001,'maritalStatus',null,0,4254);
Insert into "APPLICATION_FIELD_SPEC" ("APP_SPEC_ID","NAME","FORMAT_PATTERN","DATA_TYPE_ID","APP_FIELD_SPEC_ID") values (6001,'birthDate','yyyy/MM/dd',3,4252);
Insert into "APPLICATION_FIELD_SPEC" ("APP_SPEC_ID","NAME","FORMAT_PATTERN","DATA_TYPE_ID","APP_FIELD_SPEC_ID") values (6001,'surname',null,0,4253);
Insert into "APPLICATION_FIELD_SPEC" ("APP_SPEC_ID","NAME","FORMAT_PATTERN","DATA_TYPE_ID","APP_FIELD_SPEC_ID") values (5951,'birthDate','yyyy-MM-dd',3,4102);
Insert into "APPLICATION_FIELD_SPEC" ("APP_SPEC_ID","NAME","FORMAT_PATTERN","DATA_TYPE_ID","APP_FIELD_SPEC_ID") values (5951,'startServiceDate','yyyy-MM-dd',3,4103);
Insert into "APPLICATION_FIELD_SPEC" ("APP_SPEC_ID","NAME","FORMAT_PATTERN","DATA_TYPE_ID","APP_FIELD_SPEC_ID") values (6002,'status',null,0,4257);
Insert into "APPLICATION_FIELD_SPEC" ("APP_SPEC_ID","NAME","FORMAT_PATTERN","DATA_TYPE_ID","APP_FIELD_SPEC_ID") values (5951,'ensuringAmount1',null,1,4152);
Insert into "APPLICATION_FIELD_SPEC" ("APP_SPEC_ID","NAME","FORMAT_PATTERN","DATA_TYPE_ID","APP_FIELD_SPEC_ID") values (5951,'ensuringAmount2',null,2,4153);
Insert into "APPLICATION_FIELD_SPEC" ("APP_SPEC_ID","NAME","FORMAT_PATTERN","DATA_TYPE_ID","APP_FIELD_SPEC_ID") values (5951,'surname',null,0,4202);

--REM INSERTING into SCORING_SCHEME
Insert into "SCORING_SCHEME" ("SCHEME_ID","NAME") values (15952,'scheme btrt35');
Insert into "SCORING_SCHEME" ("SCHEME_ID","NAME") values (16002,'scheme btrt01');
Insert into "SCORING_SCHEME" ("SCHEME_ID","NAME") values (16003,'scheme btrt51');
Insert into "SCORING_SCHEME" ("SCHEME_ID","NAME") values (16052,'scheme btrt51-2');

----REM INSERTING into MAPPING_SCHEME
Insert into "MAPPING_SCHEME" ("MAPPING_SCHEME_ID","NAME","APP_SPEC_ID","SCORING_SCHEME_ID","CODE") values (4603,'mapping scheme 01',6001,16002,'ms01');
Insert into "MAPPING_SCHEME" ("MAPPING_SCHEME_ID","NAME","APP_SPEC_ID","SCORING_SCHEME_ID","CODE") values (4553,'mapping scheme 35',5951,15952,'ms35');
Insert into "MAPPING_SCHEME" ("MAPPING_SCHEME_ID","NAME","APP_SPEC_ID","SCORING_SCHEME_ID","CODE") values (4604,'mapping scheme 51',6002,16003,'ms51');
Insert into "MAPPING_SCHEME" ("MAPPING_SCHEME_ID","NAME","APP_SPEC_ID","SCORING_SCHEME_ID","CODE") values (4653,'mapping scheme 51-2',6002,16052,'ms51-2');

--REM INSERTING into SCORING_FACTOR
Insert into "SCORING_FACTOR" ("FACTOR_ID","NAME") values (652,'Age');
Insert into "SCORING_FACTOR" ("FACTOR_ID","NAME") values (752,'Occupation');
Insert into "SCORING_FACTOR" ("FACTOR_ID","NAME") values (802,'Gender');
Insert into "SCORING_FACTOR" ("FACTOR_ID","NAME") values (7102,'Married Date');
Insert into "SCORING_FACTOR" ("FACTOR_ID","NAME") values (8202,'Number Of Work Years');
Insert into "SCORING_FACTOR" ("FACTOR_ID","NAME") values (15002,'Nationality');
Insert into "SCORING_FACTOR" ("FACTOR_ID","NAME") values (15003,'Start Working Date');
Insert into "SCORING_FACTOR" ("FACTOR_ID","NAME") values (15502,'Birth date');
Insert into "SCORING_FACTOR" ("FACTOR_ID","NAME") values (15503,'Start service date');
Insert into "SCORING_FACTOR" ("FACTOR_ID","NAME") values (15552,'Ensuring Amount');
Insert into "SCORING_FACTOR" ("FACTOR_ID","NAME") values (15553,'Ensuring Amount 2');
Insert into "SCORING_FACTOR" ("FACTOR_ID","NAME") values (15602,'Surname');
Insert into "SCORING_FACTOR" ("FACTOR_ID","NAME") values (15652,'Sex');
Insert into "SCORING_FACTOR" ("FACTOR_ID","NAME") values (15653,'Marital status');
Insert into "SCORING_FACTOR" ("FACTOR_ID","NAME") values (15654,'Param value');
Insert into "SCORING_FACTOR" ("FACTOR_ID","NAME") values (15655,'Address Type');
Insert into "SCORING_FACTOR" ("FACTOR_ID","NAME") values (15656,'Status');
Insert into "SCORING_FACTOR" ("FACTOR_ID","NAME") values (15657,'Agreement Start Date');

--REM INSERTING into SCORING_RULE
Insert into "SCORING_RULE" ("RULE_ID","SCHEME_ID","FACTOR_ID","WEIGHT","REQUIRED") values (14301,16002,15502,0.2,'Y');
Insert into "SCORING_RULE" ("RULE_ID","SCHEME_ID","FACTOR_ID","WEIGHT","REQUIRED") values (14302,16002,15602,0.4,'Y');
Insert into "SCORING_RULE" ("RULE_ID","SCHEME_ID","FACTOR_ID","WEIGHT","REQUIRED") values (14303,16002,15653,0.5,'Y');
Insert into "SCORING_RULE" ("RULE_ID","SCHEME_ID","FACTOR_ID","WEIGHT","REQUIRED") values (14251,15952,15602,0.3,'Y');
Insert into "SCORING_RULE" ("RULE_ID","SCHEME_ID","FACTOR_ID","WEIGHT","REQUIRED") values (14305,16003,15657,0.3,'Y');
Insert into "SCORING_RULE" ("RULE_ID","SCHEME_ID","FACTOR_ID","WEIGHT","REQUIRED") values (14304,16002,15654,0.7,'Y');
Insert into "SCORING_RULE" ("RULE_ID","SCHEME_ID","FACTOR_ID","WEIGHT","REQUIRED") values (14151,15952,15502,0.5,'Y');
Insert into "SCORING_RULE" ("RULE_ID","SCHEME_ID","FACTOR_ID","WEIGHT","REQUIRED") values (14152,15952,15503,0.6,'Y');
Insert into "SCORING_RULE" ("RULE_ID","SCHEME_ID","FACTOR_ID","WEIGHT","REQUIRED") values (14306,16003,15656,0.8,'Y');
Insert into "SCORING_RULE" ("RULE_ID","SCHEME_ID","FACTOR_ID","WEIGHT","REQUIRED") values (14307,16003,15655,0.3,'Y');
Insert into "SCORING_RULE" ("RULE_ID","SCHEME_ID","FACTOR_ID","WEIGHT","REQUIRED") values (14201,15952,15552,0.4,'Y');
Insert into "SCORING_RULE" ("RULE_ID","SCHEME_ID","FACTOR_ID","WEIGHT","REQUIRED") values (14202,15952,15553,0.5,'Y');
Insert into "SCORING_RULE" ("RULE_ID","SCHEME_ID","FACTOR_ID","WEIGHT","REQUIRED") values (14352,16052,15657,0.8,'Y');
Insert into "SCORING_RULE" ("RULE_ID","SCHEME_ID","FACTOR_ID","WEIGHT","REQUIRED") values (14353,16052,15656,0.6,'Y');

--REM INSERTING into MAPPING_RULE
Insert into "MAPPING_RULE" ("MAPPING_RULE_ID","SCORING_RULE_ID","MAPPING_SCHEME_ID") values (5705,14301,4603);
Insert into "MAPPING_RULE" ("MAPPING_RULE_ID","SCORING_RULE_ID","MAPPING_SCHEME_ID") values (5706,14302,4603);
Insert into "MAPPING_RULE" ("MAPPING_RULE_ID","SCORING_RULE_ID","MAPPING_SCHEME_ID") values (5707,14303,4603);
Insert into "MAPPING_RULE" ("MAPPING_RULE_ID","SCORING_RULE_ID","MAPPING_SCHEME_ID") values (5555,14151,4553);
Insert into "MAPPING_RULE" ("MAPPING_RULE_ID","SCORING_RULE_ID","MAPPING_SCHEME_ID") values (5556,14152,4553);
Insert into "MAPPING_RULE" ("MAPPING_RULE_ID","SCORING_RULE_ID","MAPPING_SCHEME_ID") values (5655,14251,4553);
Insert into "MAPPING_RULE" ("MAPPING_RULE_ID","SCORING_RULE_ID","MAPPING_SCHEME_ID") values (5708,14304,4603);
Insert into "MAPPING_RULE" ("MAPPING_RULE_ID","SCORING_RULE_ID","MAPPING_SCHEME_ID") values (5711,14307,4604);
Insert into "MAPPING_RULE" ("MAPPING_RULE_ID","SCORING_RULE_ID","MAPPING_SCHEME_ID") values (5709,14305,4604);
Insert into "MAPPING_RULE" ("MAPPING_RULE_ID","SCORING_RULE_ID","MAPPING_SCHEME_ID") values (5710,14306,4604);
Insert into "MAPPING_RULE" ("MAPPING_RULE_ID","SCORING_RULE_ID","MAPPING_SCHEME_ID") values (5755,14352,4653);
Insert into "MAPPING_RULE" ("MAPPING_RULE_ID","SCORING_RULE_ID","MAPPING_SCHEME_ID") values (5605,14201,4553);
Insert into "MAPPING_RULE" ("MAPPING_RULE_ID","SCORING_RULE_ID","MAPPING_SCHEME_ID") values (5606,14202,4553);
Insert into "MAPPING_RULE" ("MAPPING_RULE_ID","SCORING_RULE_ID","MAPPING_SCHEME_ID") values (5756,14353,4653);

--REM INSERTING into SCORING_RULE_CASE
Insert into "SCORING_RULE_CASE" ("RULE_CASE_ID","FACTOR_CHOICE","RULE_ID","SCORE") values (13051,'birthdate is before 1/1/1982',14301,10);
Insert into "SCORING_RULE_CASE" ("RULE_CASE_ID","FACTOR_CHOICE","RULE_ID","SCORE") values (13052,'birthday from 1/1/1982',14301,15);
Insert into "SCORING_RULE_CASE" ("RULE_CASE_ID","FACTOR_CHOICE","RULE_ID","SCORE") values (13053,'Surname is NGUYEN',14302,15);
Insert into "SCORING_RULE_CASE" ("RULE_CASE_ID","FACTOR_CHOICE","RULE_ID","SCORE") values (13054,'Susname is TRAN',14302,10);
Insert into "SCORING_RULE_CASE" ("RULE_CASE_ID","FACTOR_CHOICE","RULE_ID","SCORE") values (13055,'Surname is other',14302,5);
Insert into "SCORING_RULE_CASE" ("RULE_CASE_ID","FACTOR_CHOICE","RULE_ID","SCORE") values (13056,'Marital status is Married',14303,20);
Insert into "SCORING_RULE_CASE" ("RULE_CASE_ID","FACTOR_CHOICE","RULE_ID","SCORE") values (13057,'Marital status is Unmarried',14303,10);
Insert into "SCORING_RULE_CASE" ("RULE_CASE_ID","FACTOR_CHOICE","RULE_ID","SCORE") values (13001,'Surname is NGUYEN',14251,10);
Insert into "SCORING_RULE_CASE" ("RULE_CASE_ID","FACTOR_CHOICE","RULE_ID","SCORE") values (13002,'Surname is TRAN',14251,7);
Insert into "SCORING_RULE_CASE" ("RULE_CASE_ID","FACTOR_CHOICE","RULE_ID","SCORE") values (13003,'other surname',14251,2);
Insert into "SCORING_RULE_CASE" ("RULE_CASE_ID","FACTOR_CHOICE","RULE_ID","SCORE") values (13059,'param value >= 100',14304,20);
Insert into "SCORING_RULE_CASE" ("RULE_CASE_ID","FACTOR_CHOICE","RULE_ID","SCORE") values (13060,'Agreement Start Date is before 1/1/2011',14305,10);
Insert into "SCORING_RULE_CASE" ("RULE_CASE_ID","FACTOR_CHOICE","RULE_ID","SCORE") values (13061,'Agreement Start Date is from 1/1/2011',14305,15);
Insert into "SCORING_RULE_CASE" ("RULE_CASE_ID","FACTOR_CHOICE","RULE_ID","SCORE") values (12901,'Until 15/1/1982',14151,10);
Insert into "SCORING_RULE_CASE" ("RULE_CASE_ID","FACTOR_CHOICE","RULE_ID","SCORE") values (12903,'Until 15/1/2011',14152,10);
Insert into "SCORING_RULE_CASE" ("RULE_CASE_ID","FACTOR_CHOICE","RULE_ID","SCORE") values (12902,'After 15/1/1982',14151,5);
Insert into "SCORING_RULE_CASE" ("RULE_CASE_ID","FACTOR_CHOICE","RULE_ID","SCORE") values (12904,'After 15/1/2011',14152,20);
Insert into "SCORING_RULE_CASE" ("RULE_CASE_ID","FACTOR_CHOICE","RULE_ID","SCORE") values (13058,'param value < 100',14304,10);
Insert into "SCORING_RULE_CASE" ("RULE_CASE_ID","FACTOR_CHOICE","RULE_ID","SCORE") values (13062,'Status is "500701"',14306,20);
Insert into "SCORING_RULE_CASE" ("RULE_CASE_ID","FACTOR_CHOICE","RULE_ID","SCORE") values (13063,'Status is not "500701"',14306,10);
Insert into "SCORING_RULE_CASE" ("RULE_CASE_ID","FACTOR_CHOICE","RULE_ID","SCORE") values (13064,'address type is "ADDR0"',14307,20);
Insert into "SCORING_RULE_CASE" ("RULE_CASE_ID","FACTOR_CHOICE","RULE_ID","SCORE") values (13065,'address type is not "ADDR0"',14307,10);
Insert into "SCORING_RULE_CASE" ("RULE_CASE_ID","FACTOR_CHOICE","RULE_ID","SCORE") values (12951,'amount lesser than 500',14201,10);
Insert into "SCORING_RULE_CASE" ("RULE_CASE_ID","FACTOR_CHOICE","RULE_ID","SCORE") values (12952,'Amount equal or greater than 500',14201,20);
Insert into "SCORING_RULE_CASE" ("RULE_CASE_ID","FACTOR_CHOICE","RULE_ID","SCORE") values (12953,'ensuring amount 2 lesser than 500.35',14202,10);
Insert into "SCORING_RULE_CASE" ("RULE_CASE_ID","FACTOR_CHOICE","RULE_ID","SCORE") values (12954,'ensuring amount 2 equal or greater than 500.35',14202,20);
Insert into "SCORING_RULE_CASE" ("RULE_CASE_ID","FACTOR_CHOICE","RULE_ID","SCORE") values (13101,'Agreement Start Date is before 1/1/2012',14352,20);
Insert into "SCORING_RULE_CASE" ("RULE_CASE_ID","FACTOR_CHOICE","RULE_ID","SCORE") values (13102,'Agreement Start Date is from 1/1/2012',14352,10);
Insert into "SCORING_RULE_CASE" ("RULE_CASE_ID","FACTOR_CHOICE","RULE_ID","SCORE") values (13103,'Status is "500701"',14353,10);
Insert into "SCORING_RULE_CASE" ("RULE_CASE_ID","FACTOR_CHOICE","RULE_ID","SCORE") values (13104,'Status is not "500701"',14353,5);






--REM INSERTING into MAPPING_RULE_CASE
Insert into "MAPPING_RULE_CASE" ("MAPPING_RULE_CASE_ID","MAPPING_RULE_ID","CONDITION_EXPRESSION","SCORING_RULE_CASE_ID") values (5510,5705,'(birthDate < 1982/01/1)',13051);
Insert into "MAPPING_RULE_CASE" ("MAPPING_RULE_CASE_ID","MAPPING_RULE_ID","CONDITION_EXPRESSION","SCORING_RULE_CASE_ID") values (5512,5706,'(surname == "NGUYEN")',13053);
Insert into "MAPPING_RULE_CASE" ("MAPPING_RULE_CASE_ID","MAPPING_RULE_ID","CONDITION_EXPRESSION","SCORING_RULE_CASE_ID") values (5511,5705,'(birthDate >= 1982/01/01)',13052);
Insert into "MAPPING_RULE_CASE" ("MAPPING_RULE_CASE_ID","MAPPING_RULE_ID","CONDITION_EXPRESSION","SCORING_RULE_CASE_ID") values (5513,5706,'(surname == "TRAN")',13054);
Insert into "MAPPING_RULE_CASE" ("MAPPING_RULE_CASE_ID","MAPPING_RULE_ID","CONDITION_EXPRESSION","SCORING_RULE_CASE_ID") values (5514,5706,'(surname != "NGUYEN") &&(surname != "TRAN")',13055);
Insert into "MAPPING_RULE_CASE" ("MAPPING_RULE_CASE_ID","MAPPING_RULE_ID","CONDITION_EXPRESSION","SCORING_RULE_CASE_ID") values (5515,5707,'(maritalStatus == "MRTS1")',13056);
Insert into "MAPPING_RULE_CASE" ("MAPPING_RULE_CASE_ID","MAPPING_RULE_ID","CONDITION_EXPRESSION","SCORING_RULE_CASE_ID") values (5516,5707,'(maritalStatus == "MRTS2")',13057);
Insert into "MAPPING_RULE_CASE" ("MAPPING_RULE_CASE_ID","MAPPING_RULE_ID","CONDITION_EXPRESSION","SCORING_RULE_CASE_ID") values (5360,5555,'(birthDate <= 1982-01-15)',12901);
Insert into "MAPPING_RULE_CASE" ("MAPPING_RULE_CASE_ID","MAPPING_RULE_ID","CONDITION_EXPRESSION","SCORING_RULE_CASE_ID") values (5361,5555,'(birthDate > 1982-01-15)',12902);
Insert into "MAPPING_RULE_CASE" ("MAPPING_RULE_CASE_ID","MAPPING_RULE_ID","CONDITION_EXPRESSION","SCORING_RULE_CASE_ID") values (5362,5556,'(startServiceDate <= 2011-01-15)',12903);
Insert into "MAPPING_RULE_CASE" ("MAPPING_RULE_CASE_ID","MAPPING_RULE_ID","CONDITION_EXPRESSION","SCORING_RULE_CASE_ID") values (5363,5556,'(startServiceDate > 2011-01-15)',12904);
Insert into "MAPPING_RULE_CASE" ("MAPPING_RULE_CASE_ID","MAPPING_RULE_ID","CONDITION_EXPRESSION","SCORING_RULE_CASE_ID") values (5517,5708,'(paramValue < 100)',13058);
Insert into "MAPPING_RULE_CASE" ("MAPPING_RULE_CASE_ID","MAPPING_RULE_ID","CONDITION_EXPRESSION","SCORING_RULE_CASE_ID") values (5518,5708,'(paramValue >= 100)',13059);
Insert into "MAPPING_RULE_CASE" ("MAPPING_RULE_CASE_ID","MAPPING_RULE_ID","CONDITION_EXPRESSION","SCORING_RULE_CASE_ID") values (5519,5709,'(agreementStartDate < 2011-01-01)',13060);
Insert into "MAPPING_RULE_CASE" ("MAPPING_RULE_CASE_ID","MAPPING_RULE_ID","CONDITION_EXPRESSION","SCORING_RULE_CASE_ID") values (5520,5709,'(agreementStartDate >= 2011-01-01)',13061);
Insert into "MAPPING_RULE_CASE" ("MAPPING_RULE_CASE_ID","MAPPING_RULE_ID","CONDITION_EXPRESSION","SCORING_RULE_CASE_ID") values (5521,5710,'(status == "500701")',13062);
Insert into "MAPPING_RULE_CASE" ("MAPPING_RULE_CASE_ID","MAPPING_RULE_ID","CONDITION_EXPRESSION","SCORING_RULE_CASE_ID") values (5522,5710,'(status != "500701")',13063);
Insert into "MAPPING_RULE_CASE" ("MAPPING_RULE_CASE_ID","MAPPING_RULE_ID","CONDITION_EXPRESSION","SCORING_RULE_CASE_ID") values (5523,5711,'(addressType == "ADDR0")',13064);
Insert into "MAPPING_RULE_CASE" ("MAPPING_RULE_CASE_ID","MAPPING_RULE_ID","CONDITION_EXPRESSION","SCORING_RULE_CASE_ID") values (5524,5711,'(addressType != "ADDR0")',13065);
Insert into "MAPPING_RULE_CASE" ("MAPPING_RULE_CASE_ID","MAPPING_RULE_ID","CONDITION_EXPRESSION","SCORING_RULE_CASE_ID") values (5410,5605,'(ensuringAmount1 < 500)',12951);
Insert into "MAPPING_RULE_CASE" ("MAPPING_RULE_CASE_ID","MAPPING_RULE_ID","CONDITION_EXPRESSION","SCORING_RULE_CASE_ID") values (5411,5605,'(ensuringAmount1 >= 500)',12952);
Insert into "MAPPING_RULE_CASE" ("MAPPING_RULE_CASE_ID","MAPPING_RULE_ID","CONDITION_EXPRESSION","SCORING_RULE_CASE_ID") values (5412,5606,'(ensuringAmount2 < 500.35)',12953);
Insert into "MAPPING_RULE_CASE" ("MAPPING_RULE_CASE_ID","MAPPING_RULE_ID","CONDITION_EXPRESSION","SCORING_RULE_CASE_ID") values (5413,5606,'(ensuringAmount2 >= 500.35)',12954);
Insert into "MAPPING_RULE_CASE" ("MAPPING_RULE_CASE_ID","MAPPING_RULE_ID","CONDITION_EXPRESSION","SCORING_RULE_CASE_ID") values (5460,5655,'(surname == "NGUYEN")',13001);
Insert into "MAPPING_RULE_CASE" ("MAPPING_RULE_CASE_ID","MAPPING_RULE_ID","CONDITION_EXPRESSION","SCORING_RULE_CASE_ID") values (5461,5655,'(surname == "TRAN")',13002);
Insert into "MAPPING_RULE_CASE" ("MAPPING_RULE_CASE_ID","MAPPING_RULE_ID","CONDITION_EXPRESSION","SCORING_RULE_CASE_ID") values (5462,5655,'(surname != "NGUYEN") &&(surname != "TRAN")',13003);
Insert into "MAPPING_RULE_CASE" ("MAPPING_RULE_CASE_ID","MAPPING_RULE_ID","CONDITION_EXPRESSION","SCORING_RULE_CASE_ID") values (5560,5755,'(agreementStartDate < 2012-01-01)',13101);
Insert into "MAPPING_RULE_CASE" ("MAPPING_RULE_CASE_ID","MAPPING_RULE_ID","CONDITION_EXPRESSION","SCORING_RULE_CASE_ID") values (5561,5755,'(agreementStartDate >= 2012-01-01)',13102);
Insert into "MAPPING_RULE_CASE" ("MAPPING_RULE_CASE_ID","MAPPING_RULE_ID","CONDITION_EXPRESSION","SCORING_RULE_CASE_ID") values (5562,5756,'(status == "500701")',13103);
Insert into "MAPPING_RULE_CASE" ("MAPPING_RULE_CASE_ID","MAPPING_RULE_ID","CONDITION_EXPRESSION","SCORING_RULE_CASE_ID") values (5563,5756,'(status != "500701")',13104);



--REM INSERTING into SCORE_CALCULATION
Insert into "SCORE_CALCULATION" ("CALCULATION_ID","APP_SPEC_ID","MAPPING_SCHEME_ID","CREDIT_SCORE_RESULT","APPLICATION_ID","REQUEST_DATE") values (4957,6001,4603,0,'152829',to_date('11-JUL-11','DD-MON-RR'));
Insert into "SCORE_CALCULATION" ("CALCULATION_ID","APP_SPEC_ID","MAPPING_SCHEME_ID","CREDIT_SCORE_RESULT","APPLICATION_ID","REQUEST_DATE") values (4958,6001,4603,0,'152829',to_date('11-JUL-11','DD-MON-RR'));
Insert into "SCORE_CALCULATION" ("CALCULATION_ID","APP_SPEC_ID","MAPPING_SCHEME_ID","CREDIT_SCORE_RESULT","APPLICATION_ID","REQUEST_DATE") values (4959,6001,4603,0,'152829',to_date('11-JUL-11','DD-MON-RR'));
Insert into "SCORE_CALCULATION" ("CALCULATION_ID","APP_SPEC_ID","MAPPING_SCHEME_ID","CREDIT_SCORE_RESULT","APPLICATION_ID","REQUEST_DATE") values (4960,6001,4603,0,'152829',to_date('11-JUL-11','DD-MON-RR'));
Insert into "SCORE_CALCULATION" ("CALCULATION_ID","APP_SPEC_ID","MAPPING_SCHEME_ID","CREDIT_SCORE_RESULT","APPLICATION_ID","REQUEST_DATE") values (5201,6001,4603,29,'152829',to_date('19-JUL-11','DD-MON-RR'));
Insert into "SCORE_CALCULATION" ("CALCULATION_ID","APP_SPEC_ID","MAPPING_SCHEME_ID","CREDIT_SCORE_RESULT","APPLICATION_ID","REQUEST_DATE") values (5202,6001,4603,26,'152829',to_date('19-JUL-11','DD-MON-RR'));
Insert into "SCORE_CALCULATION" ("CALCULATION_ID","APP_SPEC_ID","MAPPING_SCHEME_ID","CREDIT_SCORE_RESULT","APPLICATION_ID","REQUEST_DATE") values (5203,6001,4603,29,'152829',to_date('19-JUL-11','DD-MON-RR'));
Insert into "SCORE_CALCULATION" ("CALCULATION_ID","APP_SPEC_ID","MAPPING_SCHEME_ID","CREDIT_SCORE_RESULT","APPLICATION_ID","REQUEST_DATE") values (5204,6001,4603,26,'152829',to_date('19-JUL-11','DD-MON-RR'));
Insert into "SCORE_CALCULATION" ("CALCULATION_ID","APP_SPEC_ID","MAPPING_SCHEME_ID","CREDIT_SCORE_RESULT","APPLICATION_ID","REQUEST_DATE") values (5251,6001,4603,26,'152829',to_date('19-JUL-11','DD-MON-RR'));
Insert into "SCORE_CALCULATION" ("CALCULATION_ID","APP_SPEC_ID","MAPPING_SCHEME_ID","CREDIT_SCORE_RESULT","APPLICATION_ID","REQUEST_DATE") values (5252,6001,4603,26,'152829',to_date('19-JUL-11','DD-MON-RR'));
Insert into "SCORE_CALCULATION" ("CALCULATION_ID","APP_SPEC_ID","MAPPING_SCHEME_ID","CREDIT_SCORE_RESULT","APPLICATION_ID","REQUEST_DATE") values (5253,6001,4603,29,'152829',to_date('19-JUL-11','DD-MON-RR'));
Insert into "SCORE_CALCULATION" ("CALCULATION_ID","APP_SPEC_ID","MAPPING_SCHEME_ID","CREDIT_SCORE_RESULT","APPLICATION_ID","REQUEST_DATE") values (5301,6001,4603,26,'152829',to_date('19-JUL-11','DD-MON-RR'));
Insert into "SCORE_CALCULATION" ("CALCULATION_ID","APP_SPEC_ID","MAPPING_SCHEME_ID","CREDIT_SCORE_RESULT","APPLICATION_ID","REQUEST_DATE") values (5351,6001,4603,29,'152829',to_date('19-JUL-11','DD-MON-RR'));
Insert into "SCORE_CALCULATION" ("CALCULATION_ID","APP_SPEC_ID","MAPPING_SCHEME_ID","CREDIT_SCORE_RESULT","APPLICATION_ID","REQUEST_DATE") values (5451,6001,4603,9,'152846',to_date('22-JUL-11','DD-MON-RR'));
Insert into "SCORE_CALCULATION" ("CALCULATION_ID","APP_SPEC_ID","MAPPING_SCHEME_ID","CREDIT_SCORE_RESULT","APPLICATION_ID","REQUEST_DATE") values (5452,6001,4603,29,'152829',to_date('22-JUL-11','DD-MON-RR'));
Insert into "SCORE_CALCULATION" ("CALCULATION_ID","APP_SPEC_ID","MAPPING_SCHEME_ID","CREDIT_SCORE_RESULT","APPLICATION_ID","REQUEST_DATE") values (4955,5951,4553,32.1,'152811',to_date('11-JUL-11','DD-MON-RR'));
Insert into "SCORE_CALCULATION" ("CALCULATION_ID","APP_SPEC_ID","MAPPING_SCHEME_ID","CREDIT_SCORE_RESULT","APPLICATION_ID","REQUEST_DATE") values (5501,5951,4553,32.1,'152811',to_date('22-JUL-11','DD-MON-RR'));
Insert into "SCORE_CALCULATION" ("CALCULATION_ID","APP_SPEC_ID","MAPPING_SCHEME_ID","CREDIT_SCORE_RESULT","APPLICATION_ID","REQUEST_DATE") values (5502,6001,4603,29,'152829',to_date('22-JUL-11','DD-MON-RR'));
Insert into "SCORE_CALCULATION" ("CALCULATION_ID","APP_SPEC_ID","MAPPING_SCHEME_ID","CREDIT_SCORE_RESULT","APPLICATION_ID","REQUEST_DATE") values (4954,5951,4553,32.1,'152811',to_date('11-JUL-11','DD-MON-RR'));
Insert into "SCORE_CALCULATION" ("CALCULATION_ID","APP_SPEC_ID","MAPPING_SCHEME_ID","CREDIT_SCORE_RESULT","APPLICATION_ID","REQUEST_DATE") values (4956,6001,4603,0,'152829',to_date('11-JUL-11','DD-MON-RR'));
Insert into "SCORE_CALCULATION" ("CALCULATION_ID","APP_SPEC_ID","MAPPING_SCHEME_ID","CREDIT_SCORE_RESULT","APPLICATION_ID","REQUEST_DATE") values (5503,6002,4604,26.5,'152831',to_date('22-JUL-11','DD-MON-RR'));
Insert into "SCORE_CALCULATION" ("CALCULATION_ID","APP_SPEC_ID","MAPPING_SCHEME_ID","CREDIT_SCORE_RESULT","APPLICATION_ID","REQUEST_DATE") values (5504,6002,4653,22,'152831',to_date('22-JUL-11','DD-MON-RR'));
Insert into "SCORE_CALCULATION" ("CALCULATION_ID","APP_SPEC_ID","MAPPING_SCHEME_ID","CREDIT_SCORE_RESULT","APPLICATION_ID","REQUEST_DATE") values (5505,6001,4603,9,'152846',to_date('22-JUL-11','DD-MON-RR'));
Insert into "SCORE_CALCULATION" ("CALCULATION_ID","APP_SPEC_ID","MAPPING_SCHEME_ID","CREDIT_SCORE_RESULT","APPLICATION_ID","REQUEST_DATE") values (5506,5951,4553,32.1,'152811',to_date('22-JUL-11','DD-MON-RR'));
Insert into "SCORE_CALCULATION" ("CALCULATION_ID","APP_SPEC_ID","MAPPING_SCHEME_ID","CREDIT_SCORE_RESULT","APPLICATION_ID","REQUEST_DATE") values (5507,6001,4603,9,'152846',to_date('22-JUL-11','DD-MON-RR'));
Insert into "SCORE_CALCULATION" ("CALCULATION_ID","APP_SPEC_ID","MAPPING_SCHEME_ID","CREDIT_SCORE_RESULT","APPLICATION_ID","REQUEST_DATE") values (5508,6002,4604,26.5,'152831',to_date('22-JUL-11','DD-MON-RR'));
Insert into "SCORE_CALCULATION" ("CALCULATION_ID","APP_SPEC_ID","MAPPING_SCHEME_ID","CREDIT_SCORE_RESULT","APPLICATION_ID","REQUEST_DATE") values (5509,6002,4653,22,'152831',to_date('22-JUL-11','DD-MON-RR'));
Insert into "SCORE_CALCULATION" ("CALCULATION_ID","APP_SPEC_ID","MAPPING_SCHEME_ID","CREDIT_SCORE_RESULT","APPLICATION_ID","REQUEST_DATE") values (4801,5951,4553,30,'152811',to_date('06-JUL-11','DD-MON-RR'));
Insert into "SCORE_CALCULATION" ("CALCULATION_ID","APP_SPEC_ID","MAPPING_SCHEME_ID","CREDIT_SCORE_RESULT","APPLICATION_ID","REQUEST_DATE") values (5001,6002,4604,0,'152831',to_date('11-JUL-11','DD-MON-RR'));
Insert into "SCORE_CALCULATION" ("CALCULATION_ID","APP_SPEC_ID","MAPPING_SCHEME_ID","CREDIT_SCORE_RESULT","APPLICATION_ID","REQUEST_DATE") values (4962,6001,4603,29,'152829',to_date('11-JUL-11','DD-MON-RR'));
Insert into "SCORE_CALCULATION" ("CALCULATION_ID","APP_SPEC_ID","MAPPING_SCHEME_ID","CREDIT_SCORE_RESULT","APPLICATION_ID","REQUEST_DATE") values (5002,6002,4604,0,'152831',to_date('11-JUL-11','DD-MON-RR'));
Insert into "SCORE_CALCULATION" ("CALCULATION_ID","APP_SPEC_ID","MAPPING_SCHEME_ID","CREDIT_SCORE_RESULT","APPLICATION_ID","REQUEST_DATE") values (5003,6002,4604,26.5,'152831',to_date('11-JUL-11','DD-MON-RR'));
Insert into "SCORE_CALCULATION" ("CALCULATION_ID","APP_SPEC_ID","MAPPING_SCHEME_ID","CREDIT_SCORE_RESULT","APPLICATION_ID","REQUEST_DATE") values (5004,6002,4604,26.5,'152831',to_date('11-JUL-11','DD-MON-RR'));
Insert into "SCORE_CALCULATION" ("CALCULATION_ID","APP_SPEC_ID","MAPPING_SCHEME_ID","CREDIT_SCORE_RESULT","APPLICATION_ID","REQUEST_DATE") values (5151,5951,4553,32.1,'152811',to_date('19-JUL-11','DD-MON-RR'));
Insert into "SCORE_CALCULATION" ("CALCULATION_ID","APP_SPEC_ID","MAPPING_SCHEME_ID","CREDIT_SCORE_RESULT","APPLICATION_ID","REQUEST_DATE") values (5152,6001,4603,29,'152829',to_date('19-JUL-11','DD-MON-RR'));
Insert into "SCORE_CALCULATION" ("CALCULATION_ID","APP_SPEC_ID","MAPPING_SCHEME_ID","CREDIT_SCORE_RESULT","APPLICATION_ID","REQUEST_DATE") values (5153,6001,4603,29,'152829',to_date('19-JUL-11','DD-MON-RR'));
Insert into "SCORE_CALCULATION" ("CALCULATION_ID","APP_SPEC_ID","MAPPING_SCHEME_ID","CREDIT_SCORE_RESULT","APPLICATION_ID","REQUEST_DATE") values (5154,6001,4603,29,'152829',to_date('19-JUL-11','DD-MON-RR'));
Insert into "SCORE_CALCULATION" ("CALCULATION_ID","APP_SPEC_ID","MAPPING_SCHEME_ID","CREDIT_SCORE_RESULT","APPLICATION_ID","REQUEST_DATE") values (5155,6001,4603,29,'152829',to_date('19-JUL-11','DD-MON-RR'));
Insert into "SCORE_CALCULATION" ("CALCULATION_ID","APP_SPEC_ID","MAPPING_SCHEME_ID","CREDIT_SCORE_RESULT","APPLICATION_ID","REQUEST_DATE") values (5156,6001,4603,29,'152829',to_date('19-JUL-11','DD-MON-RR'));
Insert into "SCORE_CALCULATION" ("CALCULATION_ID","APP_SPEC_ID","MAPPING_SCHEME_ID","CREDIT_SCORE_RESULT","APPLICATION_ID","REQUEST_DATE") values (4901,5951,4553,32.1,'152811',to_date('08-JUL-11','DD-MON-RR'));
Insert into "SCORE_CALCULATION" ("CALCULATION_ID","APP_SPEC_ID","MAPPING_SCHEME_ID","CREDIT_SCORE_RESULT","APPLICATION_ID","REQUEST_DATE") values (4951,5951,4553,32.1,'152811',to_date('08-JUL-11','DD-MON-RR'));
Insert into "SCORE_CALCULATION" ("CALCULATION_ID","APP_SPEC_ID","MAPPING_SCHEME_ID","CREDIT_SCORE_RESULT","APPLICATION_ID","REQUEST_DATE") values (4902,5951,4553,32.1,'152811',to_date('08-JUL-11','DD-MON-RR'));
Insert into "SCORE_CALCULATION" ("CALCULATION_ID","APP_SPEC_ID","MAPPING_SCHEME_ID","CREDIT_SCORE_RESULT","APPLICATION_ID","REQUEST_DATE") values (4952,5951,4553,32.1,'152811',to_date('08-JUL-11','DD-MON-RR'));
Insert into "SCORE_CALCULATION" ("CALCULATION_ID","APP_SPEC_ID","MAPPING_SCHEME_ID","CREDIT_SCORE_RESULT","APPLICATION_ID","REQUEST_DATE") values (4953,5951,4553,32.1,'152811',to_date('08-JUL-11','DD-MON-RR'));
Insert into "SCORE_CALCULATION" ("CALCULATION_ID","APP_SPEC_ID","MAPPING_SCHEME_ID","CREDIT_SCORE_RESULT","APPLICATION_ID","REQUEST_DATE") values (4961,6001,4603,29,'152829',to_date('11-JUL-11','DD-MON-RR'));
Insert into "SCORE_CALCULATION" ("CALCULATION_ID","APP_SPEC_ID","MAPPING_SCHEME_ID","CREDIT_SCORE_RESULT","APPLICATION_ID","REQUEST_DATE") values (4964,6002,4604,0,'152831',to_date('11-JUL-11','DD-MON-RR'));
Insert into "SCORE_CALCULATION" ("CALCULATION_ID","APP_SPEC_ID","MAPPING_SCHEME_ID","CREDIT_SCORE_RESULT","APPLICATION_ID","REQUEST_DATE") values (4965,6002,4604,0,'152831',to_date('11-JUL-11','DD-MON-RR'));
Insert into "SCORE_CALCULATION" ("CALCULATION_ID","APP_SPEC_ID","MAPPING_SCHEME_ID","CREDIT_SCORE_RESULT","APPLICATION_ID","REQUEST_DATE") values (5401,6002,4604,26.5,'152831',to_date('22-JUL-11','DD-MON-RR'));
Insert into "SCORE_CALCULATION" ("CALCULATION_ID","APP_SPEC_ID","MAPPING_SCHEME_ID","CREDIT_SCORE_RESULT","APPLICATION_ID","REQUEST_DATE") values (5402,6002,4604,26.5,'152831',to_date('22-JUL-11','DD-MON-RR'));
Insert into "SCORE_CALCULATION" ("CALCULATION_ID","APP_SPEC_ID","MAPPING_SCHEME_ID","CREDIT_SCORE_RESULT","APPLICATION_ID","REQUEST_DATE") values (5403,6001,4603,9,'152846',to_date('22-JUL-11','DD-MON-RR'));
Insert into "SCORE_CALCULATION" ("CALCULATION_ID","APP_SPEC_ID","MAPPING_SCHEME_ID","CREDIT_SCORE_RESULT","APPLICATION_ID","REQUEST_DATE") values (5404,6001,4603,9,'152846',to_date('22-JUL-11','DD-MON-RR'));
Insert into "SCORE_CALCULATION" ("CALCULATION_ID","APP_SPEC_ID","MAPPING_SCHEME_ID","CREDIT_SCORE_RESULT","APPLICATION_ID","REQUEST_DATE") values (5551,5951,4553,32.1,'152811',to_date('27-JUL-11','DD-MON-RR'));
Insert into "SCORE_CALCULATION" ("CALCULATION_ID","APP_SPEC_ID","MAPPING_SCHEME_ID","CREDIT_SCORE_RESULT","APPLICATION_ID","REQUEST_DATE") values (5552,6001,4603,29,'152829',to_date('27-JUL-11','DD-MON-RR'));
Insert into "SCORE_CALCULATION" ("CALCULATION_ID","APP_SPEC_ID","MAPPING_SCHEME_ID","CREDIT_SCORE_RESULT","APPLICATION_ID","REQUEST_DATE") values (5553,6001,4603,29,'152829',to_date('27-JUL-11','DD-MON-RR'));
Insert into "SCORE_CALCULATION" ("CALCULATION_ID","APP_SPEC_ID","MAPPING_SCHEME_ID","CREDIT_SCORE_RESULT","APPLICATION_ID","REQUEST_DATE") values (5554,6002,4604,26.5,'152831',to_date('27-JUL-11','DD-MON-RR'));
Insert into "SCORE_CALCULATION" ("CALCULATION_ID","APP_SPEC_ID","MAPPING_SCHEME_ID","CREDIT_SCORE_RESULT","APPLICATION_ID","REQUEST_DATE") values (4963,6002,4604,0,'152831',to_date('11-JUL-11','DD-MON-RR'));
Insert into "SCORE_CALCULATION" ("CALCULATION_ID","APP_SPEC_ID","MAPPING_SCHEME_ID","CREDIT_SCORE_RESULT","APPLICATION_ID","REQUEST_DATE") values (5052,6002,4604,26.5,'152831',to_date('11-JUL-11','DD-MON-RR'));
Insert into "SCORE_CALCULATION" ("CALCULATION_ID","APP_SPEC_ID","MAPPING_SCHEME_ID","CREDIT_SCORE_RESULT","APPLICATION_ID","REQUEST_DATE") values (5053,6002,4604,26.5,'152831',to_date('11-JUL-11','DD-MON-RR'));
Insert into "SCORE_CALCULATION" ("CALCULATION_ID","APP_SPEC_ID","MAPPING_SCHEME_ID","CREDIT_SCORE_RESULT","APPLICATION_ID","REQUEST_DATE") values (5054,5951,4553,32.1,'152811',to_date('11-JUL-11','DD-MON-RR'));
Insert into "SCORE_CALCULATION" ("CALCULATION_ID","APP_SPEC_ID","MAPPING_SCHEME_ID","CREDIT_SCORE_RESULT","APPLICATION_ID","REQUEST_DATE") values (5101,5951,4553,32.1,'152811',to_date('13-JUL-11','DD-MON-RR'));
Insert into "SCORE_CALCULATION" ("CALCULATION_ID","APP_SPEC_ID","MAPPING_SCHEME_ID","CREDIT_SCORE_RESULT","APPLICATION_ID","REQUEST_DATE") values (5102,5951,4553,32.1,'152811',to_date('13-JUL-11','DD-MON-RR'));
Insert into "SCORE_CALCULATION" ("CALCULATION_ID","APP_SPEC_ID","MAPPING_SCHEME_ID","CREDIT_SCORE_RESULT","APPLICATION_ID","REQUEST_DATE") values (5103,6001,4603,29,'152829',to_date('13-JUL-11','DD-MON-RR'));
Insert into "SCORE_CALCULATION" ("CALCULATION_ID","APP_SPEC_ID","MAPPING_SCHEME_ID","CREDIT_SCORE_RESULT","APPLICATION_ID","REQUEST_DATE") values (5104,6001,4603,29,'152829',to_date('13-JUL-11','DD-MON-RR'));
Insert into "SCORE_CALCULATION" ("CALCULATION_ID","APP_SPEC_ID","MAPPING_SCHEME_ID","CREDIT_SCORE_RESULT","APPLICATION_ID","REQUEST_DATE") values (5105,6002,4604,26.5,'152831',to_date('13-JUL-11','DD-MON-RR'));
Insert into "SCORE_CALCULATION" ("CALCULATION_ID","APP_SPEC_ID","MAPPING_SCHEME_ID","CREDIT_SCORE_RESULT","APPLICATION_ID","REQUEST_DATE") values (5106,6002,4653,22,'152831',to_date('13-JUL-11','DD-MON-RR'));
Insert into "SCORE_CALCULATION" ("CALCULATION_ID","APP_SPEC_ID","MAPPING_SCHEME_ID","CREDIT_SCORE_RESULT","APPLICATION_ID","REQUEST_DATE") values (5107,6002,4653,22,'152831',to_date('13-JUL-11','DD-MON-RR'));
Insert into "SCORE_CALCULATION" ("CALCULATION_ID","APP_SPEC_ID","MAPPING_SCHEME_ID","CREDIT_SCORE_RESULT","APPLICATION_ID","REQUEST_DATE") values (5108,6002,4604,26.5,'152831',to_date('13-JUL-11','DD-MON-RR'));
Insert into "SCORE_CALCULATION" ("CALCULATION_ID","APP_SPEC_ID","MAPPING_SCHEME_ID","CREDIT_SCORE_RESULT","APPLICATION_ID","REQUEST_DATE") values (4601,5951,4553,0,'152811',to_date('05-JUL-11','DD-MON-RR'));
Insert into "SCORE_CALCULATION" ("CALCULATION_ID","APP_SPEC_ID","MAPPING_SCHEME_ID","CREDIT_SCORE_RESULT","APPLICATION_ID","REQUEST_DATE") values (4652,5951,4553,0,'152811',to_date('05-JUL-11','DD-MON-RR'));
Insert into "SCORE_CALCULATION" ("CALCULATION_ID","APP_SPEC_ID","MAPPING_SCHEME_ID","CREDIT_SCORE_RESULT","APPLICATION_ID","REQUEST_DATE") values (4651,5951,4553,0,'152811',to_date('05-JUL-11','DD-MON-RR'));
Insert into "SCORE_CALCULATION" ("CALCULATION_ID","APP_SPEC_ID","MAPPING_SCHEME_ID","CREDIT_SCORE_RESULT","APPLICATION_ID","REQUEST_DATE") values (4653,5951,4553,0,'152811',to_date('05-JUL-11','DD-MON-RR'));
Insert into "SCORE_CALCULATION" ("CALCULATION_ID","APP_SPEC_ID","MAPPING_SCHEME_ID","CREDIT_SCORE_RESULT","APPLICATION_ID","REQUEST_DATE") values (4654,5951,4553,2.5,'152811',to_date('05-JUL-11','DD-MON-RR'));
Insert into "SCORE_CALCULATION" ("CALCULATION_ID","APP_SPEC_ID","MAPPING_SCHEME_ID","CREDIT_SCORE_RESULT","APPLICATION_ID","REQUEST_DATE") values (4655,5951,4553,2.5,'152811',to_date('05-JUL-11','DD-MON-RR'));
Insert into "SCORE_CALCULATION" ("CALCULATION_ID","APP_SPEC_ID","MAPPING_SCHEME_ID","CREDIT_SCORE_RESULT","APPLICATION_ID","REQUEST_DATE") values (4656,5951,4553,2.5,'152811',to_date('05-JUL-11','DD-MON-RR'));
Insert into "SCORE_CALCULATION" ("CALCULATION_ID","APP_SPEC_ID","MAPPING_SCHEME_ID","CREDIT_SCORE_RESULT","APPLICATION_ID","REQUEST_DATE") values (4657,5951,4553,2.5,'152811',to_date('05-JUL-11','DD-MON-RR'));
Insert into "SCORE_CALCULATION" ("CALCULATION_ID","APP_SPEC_ID","MAPPING_SCHEME_ID","CREDIT_SCORE_RESULT","APPLICATION_ID","REQUEST_DATE") values (4701,5951,4553,2.5,'152811',to_date('05-JUL-11','DD-MON-RR'));
Insert into "SCORE_CALCULATION" ("CALCULATION_ID","APP_SPEC_ID","MAPPING_SCHEME_ID","CREDIT_SCORE_RESULT","APPLICATION_ID","REQUEST_DATE") values (4702,5951,4553,8.5,'152811',to_date('05-JUL-11','DD-MON-RR'));
Insert into "SCORE_CALCULATION" ("CALCULATION_ID","APP_SPEC_ID","MAPPING_SCHEME_ID","CREDIT_SCORE_RESULT","APPLICATION_ID","REQUEST_DATE") values (4703,5951,4553,16.5,'152811',to_date('05-JUL-11','DD-MON-RR'));
Insert into "SCORE_CALCULATION" ("CALCULATION_ID","APP_SPEC_ID","MAPPING_SCHEME_ID","CREDIT_SCORE_RESULT","APPLICATION_ID","REQUEST_DATE") values (4704,5951,4553,26.5,'152811',to_date('05-JUL-11','DD-MON-RR'));
Insert into "SCORE_CALCULATION" ("CALCULATION_ID","APP_SPEC_ID","MAPPING_SCHEME_ID","CREDIT_SCORE_RESULT","APPLICATION_ID","REQUEST_DATE") values (4705,5951,4553,26,'152811',to_date('05-JUL-11','DD-MON-RR'));
Insert into "SCORE_CALCULATION" ("CALCULATION_ID","APP_SPEC_ID","MAPPING_SCHEME_ID","CREDIT_SCORE_RESULT","APPLICATION_ID","REQUEST_DATE") values (4706,5951,4553,30,'152811',to_date('05-JUL-11','DD-MON-RR'));
Insert into "SCORE_CALCULATION" ("CALCULATION_ID","APP_SPEC_ID","MAPPING_SCHEME_ID","CREDIT_SCORE_RESULT","APPLICATION_ID","REQUEST_DATE") values (4751,5951,4553,30,'152811',to_date('06-JUL-11','DD-MON-RR'));
Insert into "SCORE_CALCULATION" ("CALCULATION_ID","APP_SPEC_ID","MAPPING_SCHEME_ID","CREDIT_SCORE_RESULT","APPLICATION_ID","REQUEST_DATE") values (4752,5951,4553,30,'152811',to_date('06-JUL-11','DD-MON-RR'));
Insert into "SCORE_CALCULATION" ("CALCULATION_ID","APP_SPEC_ID","MAPPING_SCHEME_ID","CREDIT_SCORE_RESULT","APPLICATION_ID","REQUEST_DATE") values (4753,5951,4553,30,'152811',to_date('06-JUL-11','DD-MON-RR'));
Insert into "SCORE_CALCULATION" ("CALCULATION_ID","APP_SPEC_ID","MAPPING_SCHEME_ID","CREDIT_SCORE_RESULT","APPLICATION_ID","REQUEST_DATE") values (4802,5951,4553,33,'152811',to_date('06-JUL-11','DD-MON-RR'));
Insert into "SCORE_CALCULATION" ("CALCULATION_ID","APP_SPEC_ID","MAPPING_SCHEME_ID","CREDIT_SCORE_RESULT","APPLICATION_ID","REQUEST_DATE") values (4803,5951,4553,33,'152811',to_date('06-JUL-11','DD-MON-RR'));
Insert into "SCORE_CALCULATION" ("CALCULATION_ID","APP_SPEC_ID","MAPPING_SCHEME_ID","CREDIT_SCORE_RESULT","APPLICATION_ID","REQUEST_DATE") values (4804,5951,4553,32.1,'152811',to_date('06-JUL-11','DD-MON-RR'));
Insert into "SCORE_CALCULATION" ("CALCULATION_ID","APP_SPEC_ID","MAPPING_SCHEME_ID","CREDIT_SCORE_RESULT","APPLICATION_ID","REQUEST_DATE") values (4805,5951,4553,32.1,'152811',to_date('06-JUL-11','DD-MON-RR'));
Insert into "SCORE_CALCULATION" ("CALCULATION_ID","APP_SPEC_ID","MAPPING_SCHEME_ID","CREDIT_SCORE_RESULT","APPLICATION_ID","REQUEST_DATE") values (4851,5951,4553,32.1,'152811',to_date('07-JUL-11','DD-MON-RR'));
Insert into "SCORE_CALCULATION" ("CALCULATION_ID","APP_SPEC_ID","MAPPING_SCHEME_ID","CREDIT_SCORE_RESULT","APPLICATION_ID","REQUEST_DATE") values (4852,5951,4553,32.1,'152811',to_date('07-JUL-11','DD-MON-RR'));
Insert into "SCORE_CALCULATION" ("CALCULATION_ID","APP_SPEC_ID","MAPPING_SCHEME_ID","CREDIT_SCORE_RESULT","APPLICATION_ID","REQUEST_DATE") values (5051,6001,4603,29,'152829',to_date('11-JUL-11','DD-MON-RR'));

--REM INSERTING into SCORING_ROLE
Insert into "SCORING_ROLE" ("ID","ROLE_NAME","DESCRIPTION") values (1,'ROLE_USER','Normal User');
Insert into "SCORING_ROLE" ("ID","ROLE_NAME","DESCRIPTION") values (3,'ROLE_OPERATOR','System Operator');
Insert into "SCORING_ROLE" ("ID","ROLE_NAME","DESCRIPTION") values (2,'ROLE_ADMIN','System Admin');



--REM INSERTING into SCORING_USER
Insert into "SCORING_USER" ("USERNAME","PASSWORD","ENABLED","USER_ID") values ('user1','698d51a19d8a121ce581499d7b701668','Y',1);
Insert into "SCORING_USER" ("USERNAME","PASSWORD","ENABLED","USER_ID") values ('user2','bcbe3365e6ac95ea2c0343a2395834dd','Y',2);
Insert into "SCORING_USER" ("USERNAME","PASSWORD","ENABLED","USER_ID") values ('user3','310dcbbf4cce62f762a2aaa148d556bd','Y',3);
--REM INSERTING into SCORING_USER_ROLE
Insert into "SCORING_USER_ROLE" ("USER_ID","ROLE_ID","DESCRIPTION") values (1,1,'user1 - user');
Insert into "SCORING_USER_ROLE" ("USER_ID","ROLE_ID","DESCRIPTION") values (1,2,'user1 - admin ');
Insert into "SCORING_USER_ROLE" ("USER_ID","ROLE_ID","DESCRIPTION") values (2,1,'user2 - user');
Insert into "SCORING_USER_ROLE" ("USER_ID","ROLE_ID","DESCRIPTION") values (3,1,'user3 - user');
--REM INSERTING into SEQUENCE_GENERATOR_TABLE
Insert into "SEQUENCE_GENERATOR_TABLE" ("SEQUENCE_NAME","SEQUENCE_VALUE") values ('MAPPING_SCHEME_SEQUENCE',4702);
Insert into "SEQUENCE_GENERATOR_TABLE" ("SEQUENCE_NAME","SEQUENCE_VALUE") values ('MAPPING_RULE_SEQUENCE',5804);
Insert into "SEQUENCE_GENERATOR_TABLE" ("SEQUENCE_NAME","SEQUENCE_VALUE") values ('MAPPING_RULE_CASE_SEQUENCE',5609);
Insert into "SEQUENCE_GENERATOR_TABLE" ("SEQUENCE_NAME","SEQUENCE_VALUE") values ('SCORE_CALCULATION_SEQUENCE',5600);
Insert into "SEQUENCE_GENERATOR_TABLE" ("SEQUENCE_NAME","SEQUENCE_VALUE") values ('PARTIAL_RESULT_SEQUENCE',5250);
Insert into "SEQUENCE_GENERATOR_TABLE" ("SEQUENCE_NAME","SEQUENCE_VALUE") values ('FACTOR_SEQUENCE',15701);
Insert into "SEQUENCE_GENERATOR_TABLE" ("SEQUENCE_NAME","SEQUENCE_VALUE") values ('SCHEME_SEQUENCE',16101);
Insert into "SEQUENCE_GENERATOR_TABLE" ("SEQUENCE_NAME","SEQUENCE_VALUE") values ('RULE_SEQUENCE',14400);
Insert into "SEQUENCE_GENERATOR_TABLE" ("SEQUENCE_NAME","SEQUENCE_VALUE") values ('RULE_CASE_SEQUENCE',13150);
Insert into "SEQUENCE_GENERATOR_TABLE" ("SEQUENCE_NAME","SEQUENCE_VALUE") values ('EXTERNAL_SYSTEM_SEQUENCE',6151);
Insert into "SEQUENCE_GENERATOR_TABLE" ("SEQUENCE_NAME","SEQUENCE_VALUE") values ('SPECIFICATION_SEQUENCE',6050);
Insert into "SEQUENCE_GENERATOR_TABLE" ("SEQUENCE_NAME","SEQUENCE_VALUE") values ('DATA_TYPE_SEQUENCE',3351);
Insert into "SEQUENCE_GENERATOR_TABLE" ("SEQUENCE_NAME","SEQUENCE_VALUE") values ('FIELD_SPECIFICATION_SEQUENCE',4301);

--REM INSERTING into PARTIAL_RESULT
Insert into "PARTIAL_RESULT" ("PARTIAL_RESULT_ID","CALCULATION_ID","SCORING_RULE_ID","MAPPING_RULE_CASE_ID","PARTIAL_RESULT","SCORING_RULE_CASE_ID") values (4852,5201,14302,5514,2,13055);
Insert into "PARTIAL_RESULT" ("PARTIAL_RESULT_ID","CALCULATION_ID","SCORING_RULE_ID","MAPPING_RULE_CASE_ID","PARTIAL_RESULT","SCORING_RULE_CASE_ID") values (4853,5201,14303,5515,10,13056);
Insert into "PARTIAL_RESULT" ("PARTIAL_RESULT_ID","CALCULATION_ID","SCORING_RULE_ID","MAPPING_RULE_CASE_ID","PARTIAL_RESULT","SCORING_RULE_CASE_ID") values (4854,5201,14304,5518,14,13059);
Insert into "PARTIAL_RESULT" ("PARTIAL_RESULT_ID","CALCULATION_ID","SCORING_RULE_ID","MAPPING_RULE_CASE_ID","PARTIAL_RESULT","SCORING_RULE_CASE_ID") values (4855,5202,14302,5514,2,13055);
Insert into "PARTIAL_RESULT" ("PARTIAL_RESULT_ID","CALCULATION_ID","SCORING_RULE_ID","MAPPING_RULE_CASE_ID","PARTIAL_RESULT","SCORING_RULE_CASE_ID") values (4856,5202,14303,5515,10,13056);
Insert into "PARTIAL_RESULT" ("PARTIAL_RESULT_ID","CALCULATION_ID","SCORING_RULE_ID","MAPPING_RULE_CASE_ID","PARTIAL_RESULT","SCORING_RULE_CASE_ID") values (4857,5202,14304,5518,14,13059);
Insert into "PARTIAL_RESULT" ("PARTIAL_RESULT_ID","CALCULATION_ID","SCORING_RULE_ID","MAPPING_RULE_CASE_ID","PARTIAL_RESULT","SCORING_RULE_CASE_ID") values (4858,5203,14301,5511,3,13052);
Insert into "PARTIAL_RESULT" ("PARTIAL_RESULT_ID","CALCULATION_ID","SCORING_RULE_ID","MAPPING_RULE_CASE_ID","PARTIAL_RESULT","SCORING_RULE_CASE_ID") values (4859,5203,14302,5514,2,13055);
Insert into "PARTIAL_RESULT" ("PARTIAL_RESULT_ID","CALCULATION_ID","SCORING_RULE_ID","MAPPING_RULE_CASE_ID","PARTIAL_RESULT","SCORING_RULE_CASE_ID") values (4860,5203,14303,5515,10,13056);
Insert into "PARTIAL_RESULT" ("PARTIAL_RESULT_ID","CALCULATION_ID","SCORING_RULE_ID","MAPPING_RULE_CASE_ID","PARTIAL_RESULT","SCORING_RULE_CASE_ID") values (4861,5203,14304,5518,14,13059);
Insert into "PARTIAL_RESULT" ("PARTIAL_RESULT_ID","CALCULATION_ID","SCORING_RULE_ID","MAPPING_RULE_CASE_ID","PARTIAL_RESULT","SCORING_RULE_CASE_ID") values (4862,5204,14302,5514,2,13055);
Insert into "PARTIAL_RESULT" ("PARTIAL_RESULT_ID","CALCULATION_ID","SCORING_RULE_ID","MAPPING_RULE_CASE_ID","PARTIAL_RESULT","SCORING_RULE_CASE_ID") values (4863,5204,14303,5515,10,13056);
Insert into "PARTIAL_RESULT" ("PARTIAL_RESULT_ID","CALCULATION_ID","SCORING_RULE_ID","MAPPING_RULE_CASE_ID","PARTIAL_RESULT","SCORING_RULE_CASE_ID") values (4864,5204,14304,5518,14,13059);
Insert into "PARTIAL_RESULT" ("PARTIAL_RESULT_ID","CALCULATION_ID","SCORING_RULE_ID","MAPPING_RULE_CASE_ID","PARTIAL_RESULT","SCORING_RULE_CASE_ID") values (4901,5251,14302,5514,2,13055);
Insert into "PARTIAL_RESULT" ("PARTIAL_RESULT_ID","CALCULATION_ID","SCORING_RULE_ID","MAPPING_RULE_CASE_ID","PARTIAL_RESULT","SCORING_RULE_CASE_ID") values (4902,5251,14303,5515,10,13056);
Insert into "PARTIAL_RESULT" ("PARTIAL_RESULT_ID","CALCULATION_ID","SCORING_RULE_ID","MAPPING_RULE_CASE_ID","PARTIAL_RESULT","SCORING_RULE_CASE_ID") values (4903,5251,14304,5518,14,13059);
Insert into "PARTIAL_RESULT" ("PARTIAL_RESULT_ID","CALCULATION_ID","SCORING_RULE_ID","MAPPING_RULE_CASE_ID","PARTIAL_RESULT","SCORING_RULE_CASE_ID") values (4904,5252,14302,5514,2,13055);
Insert into "PARTIAL_RESULT" ("PARTIAL_RESULT_ID","CALCULATION_ID","SCORING_RULE_ID","MAPPING_RULE_CASE_ID","PARTIAL_RESULT","SCORING_RULE_CASE_ID") values (4905,5252,14303,5515,10,13056);
Insert into "PARTIAL_RESULT" ("PARTIAL_RESULT_ID","CALCULATION_ID","SCORING_RULE_ID","MAPPING_RULE_CASE_ID","PARTIAL_RESULT","SCORING_RULE_CASE_ID") values (4906,5252,14304,5518,14,13059);
Insert into "PARTIAL_RESULT" ("PARTIAL_RESULT_ID","CALCULATION_ID","SCORING_RULE_ID","MAPPING_RULE_CASE_ID","PARTIAL_RESULT","SCORING_RULE_CASE_ID") values (4907,5253,14301,5511,3,13052);
Insert into "PARTIAL_RESULT" ("PARTIAL_RESULT_ID","CALCULATION_ID","SCORING_RULE_ID","MAPPING_RULE_CASE_ID","PARTIAL_RESULT","SCORING_RULE_CASE_ID") values (4908,5253,14302,5514,2,13055);
Insert into "PARTIAL_RESULT" ("PARTIAL_RESULT_ID","CALCULATION_ID","SCORING_RULE_ID","MAPPING_RULE_CASE_ID","PARTIAL_RESULT","SCORING_RULE_CASE_ID") values (4909,5253,14303,5515,10,13056);
Insert into "PARTIAL_RESULT" ("PARTIAL_RESULT_ID","CALCULATION_ID","SCORING_RULE_ID","MAPPING_RULE_CASE_ID","PARTIAL_RESULT","SCORING_RULE_CASE_ID") values (4910,5253,14304,5518,14,13059);
Insert into "PARTIAL_RESULT" ("PARTIAL_RESULT_ID","CALCULATION_ID","SCORING_RULE_ID","MAPPING_RULE_CASE_ID","PARTIAL_RESULT","SCORING_RULE_CASE_ID") values (4951,5301,14302,5514,2,13055);
Insert into "PARTIAL_RESULT" ("PARTIAL_RESULT_ID","CALCULATION_ID","SCORING_RULE_ID","MAPPING_RULE_CASE_ID","PARTIAL_RESULT","SCORING_RULE_CASE_ID") values (4952,5301,14303,5515,10,13056);
Insert into "PARTIAL_RESULT" ("PARTIAL_RESULT_ID","CALCULATION_ID","SCORING_RULE_ID","MAPPING_RULE_CASE_ID","PARTIAL_RESULT","SCORING_RULE_CASE_ID") values (4953,5301,14304,5518,14,13059);
Insert into "PARTIAL_RESULT" ("PARTIAL_RESULT_ID","CALCULATION_ID","SCORING_RULE_ID","MAPPING_RULE_CASE_ID","PARTIAL_RESULT","SCORING_RULE_CASE_ID") values (5001,5351,14301,5511,3,13052);
Insert into "PARTIAL_RESULT" ("PARTIAL_RESULT_ID","CALCULATION_ID","SCORING_RULE_ID","MAPPING_RULE_CASE_ID","PARTIAL_RESULT","SCORING_RULE_CASE_ID") values (5002,5351,14302,5514,2,13055);
Insert into "PARTIAL_RESULT" ("PARTIAL_RESULT_ID","CALCULATION_ID","SCORING_RULE_ID","MAPPING_RULE_CASE_ID","PARTIAL_RESULT","SCORING_RULE_CASE_ID") values (5003,5351,14303,5515,10,13056);
Insert into "PARTIAL_RESULT" ("PARTIAL_RESULT_ID","CALCULATION_ID","SCORING_RULE_ID","MAPPING_RULE_CASE_ID","PARTIAL_RESULT","SCORING_RULE_CASE_ID") values (5004,5351,14304,5518,14,13059);
Insert into "PARTIAL_RESULT" ("PARTIAL_RESULT_ID","CALCULATION_ID","SCORING_RULE_ID","MAPPING_RULE_CASE_ID","PARTIAL_RESULT","SCORING_RULE_CASE_ID") values (5101,5451,14302,5514,2,13055);
Insert into "PARTIAL_RESULT" ("PARTIAL_RESULT_ID","CALCULATION_ID","SCORING_RULE_ID","MAPPING_RULE_CASE_ID","PARTIAL_RESULT","SCORING_RULE_CASE_ID") values (5102,5451,14304,5517,7,13058);
Insert into "PARTIAL_RESULT" ("PARTIAL_RESULT_ID","CALCULATION_ID","SCORING_RULE_ID","MAPPING_RULE_CASE_ID","PARTIAL_RESULT","SCORING_RULE_CASE_ID") values (5103,5452,14301,5511,3,13052);
Insert into "PARTIAL_RESULT" ("PARTIAL_RESULT_ID","CALCULATION_ID","SCORING_RULE_ID","MAPPING_RULE_CASE_ID","PARTIAL_RESULT","SCORING_RULE_CASE_ID") values (5104,5452,14302,5514,2,13055);
Insert into "PARTIAL_RESULT" ("PARTIAL_RESULT_ID","CALCULATION_ID","SCORING_RULE_ID","MAPPING_RULE_CASE_ID","PARTIAL_RESULT","SCORING_RULE_CASE_ID") values (5105,5452,14303,5515,10,13056);
Insert into "PARTIAL_RESULT" ("PARTIAL_RESULT_ID","CALCULATION_ID","SCORING_RULE_ID","MAPPING_RULE_CASE_ID","PARTIAL_RESULT","SCORING_RULE_CASE_ID") values (4617,4954,14152,5363,12,12904);
Insert into "PARTIAL_RESULT" ("PARTIAL_RESULT_ID","CALCULATION_ID","SCORING_RULE_ID","MAPPING_RULE_CASE_ID","PARTIAL_RESULT","SCORING_RULE_CASE_ID") values (5106,5452,14304,5518,14,13059);
Insert into "PARTIAL_RESULT" ("PARTIAL_RESULT_ID","CALCULATION_ID","SCORING_RULE_ID","MAPPING_RULE_CASE_ID","PARTIAL_RESULT","SCORING_RULE_CASE_ID") values (4618,4954,14251,5461,2.1,13002);
Insert into "PARTIAL_RESULT" ("PARTIAL_RESULT_ID","CALCULATION_ID","SCORING_RULE_ID","MAPPING_RULE_CASE_ID","PARTIAL_RESULT","SCORING_RULE_CASE_ID") values (4619,4954,14201,5411,8,12952);
Insert into "PARTIAL_RESULT" ("PARTIAL_RESULT_ID","CALCULATION_ID","SCORING_RULE_ID","MAPPING_RULE_CASE_ID","PARTIAL_RESULT","SCORING_RULE_CASE_ID") values (4616,4954,14151,5360,5,12901);
Insert into "PARTIAL_RESULT" ("PARTIAL_RESULT_ID","CALCULATION_ID","SCORING_RULE_ID","MAPPING_RULE_CASE_ID","PARTIAL_RESULT","SCORING_RULE_CASE_ID") values (4620,4954,14202,5412,5,12953);
Insert into "PARTIAL_RESULT" ("PARTIAL_RESULT_ID","CALCULATION_ID","SCORING_RULE_ID","MAPPING_RULE_CASE_ID","PARTIAL_RESULT","SCORING_RULE_CASE_ID") values (4621,4955,14151,5360,5,12901);
Insert into "PARTIAL_RESULT" ("PARTIAL_RESULT_ID","CALCULATION_ID","SCORING_RULE_ID","MAPPING_RULE_CASE_ID","PARTIAL_RESULT","SCORING_RULE_CASE_ID") values (4622,4955,14152,5363,12,12904);
Insert into "PARTIAL_RESULT" ("PARTIAL_RESULT_ID","CALCULATION_ID","SCORING_RULE_ID","MAPPING_RULE_CASE_ID","PARTIAL_RESULT","SCORING_RULE_CASE_ID") values (4623,4955,14251,5461,2.1,13002);
Insert into "PARTIAL_RESULT" ("PARTIAL_RESULT_ID","CALCULATION_ID","SCORING_RULE_ID","MAPPING_RULE_CASE_ID","PARTIAL_RESULT","SCORING_RULE_CASE_ID") values (4624,4955,14201,5411,8,12952);
Insert into "PARTIAL_RESULT" ("PARTIAL_RESULT_ID","CALCULATION_ID","SCORING_RULE_ID","MAPPING_RULE_CASE_ID","PARTIAL_RESULT","SCORING_RULE_CASE_ID") values (4625,4955,14202,5412,5,12953);
Insert into "PARTIAL_RESULT" ("PARTIAL_RESULT_ID","CALCULATION_ID","SCORING_RULE_ID","MAPPING_RULE_CASE_ID","PARTIAL_RESULT","SCORING_RULE_CASE_ID") values (4851,5201,14301,5511,3,13052);
Insert into "PARTIAL_RESULT" ("PARTIAL_RESULT_ID","CALCULATION_ID","SCORING_RULE_ID","MAPPING_RULE_CASE_ID","PARTIAL_RESULT","SCORING_RULE_CASE_ID") values (5151,5501,14151,5360,5,12901);
Insert into "PARTIAL_RESULT" ("PARTIAL_RESULT_ID","CALCULATION_ID","SCORING_RULE_ID","MAPPING_RULE_CASE_ID","PARTIAL_RESULT","SCORING_RULE_CASE_ID") values (5152,5501,14152,5363,12,12904);
Insert into "PARTIAL_RESULT" ("PARTIAL_RESULT_ID","CALCULATION_ID","SCORING_RULE_ID","MAPPING_RULE_CASE_ID","PARTIAL_RESULT","SCORING_RULE_CASE_ID") values (5153,5501,14251,5461,2.1,13002);
Insert into "PARTIAL_RESULT" ("PARTIAL_RESULT_ID","CALCULATION_ID","SCORING_RULE_ID","MAPPING_RULE_CASE_ID","PARTIAL_RESULT","SCORING_RULE_CASE_ID") values (5154,5501,14201,5411,8,12952);
Insert into "PARTIAL_RESULT" ("PARTIAL_RESULT_ID","CALCULATION_ID","SCORING_RULE_ID","MAPPING_RULE_CASE_ID","PARTIAL_RESULT","SCORING_RULE_CASE_ID") values (5155,5501,14202,5412,5,12953);
Insert into "PARTIAL_RESULT" ("PARTIAL_RESULT_ID","CALCULATION_ID","SCORING_RULE_ID","MAPPING_RULE_CASE_ID","PARTIAL_RESULT","SCORING_RULE_CASE_ID") values (5156,5502,14301,5511,3,13052);
Insert into "PARTIAL_RESULT" ("PARTIAL_RESULT_ID","CALCULATION_ID","SCORING_RULE_ID","MAPPING_RULE_CASE_ID","PARTIAL_RESULT","SCORING_RULE_CASE_ID") values (5157,5502,14302,5514,2,13055);
Insert into "PARTIAL_RESULT" ("PARTIAL_RESULT_ID","CALCULATION_ID","SCORING_RULE_ID","MAPPING_RULE_CASE_ID","PARTIAL_RESULT","SCORING_RULE_CASE_ID") values (5158,5502,14303,5515,10,13056);
Insert into "PARTIAL_RESULT" ("PARTIAL_RESULT_ID","CALCULATION_ID","SCORING_RULE_ID","MAPPING_RULE_CASE_ID","PARTIAL_RESULT","SCORING_RULE_CASE_ID") values (5159,5502,14304,5518,14,13059);
Insert into "PARTIAL_RESULT" ("PARTIAL_RESULT_ID","CALCULATION_ID","SCORING_RULE_ID","MAPPING_RULE_CASE_ID","PARTIAL_RESULT","SCORING_RULE_CASE_ID") values (5160,5503,14307,5523,6,13064);
Insert into "PARTIAL_RESULT" ("PARTIAL_RESULT_ID","CALCULATION_ID","SCORING_RULE_ID","MAPPING_RULE_CASE_ID","PARTIAL_RESULT","SCORING_RULE_CASE_ID") values (5161,5503,14305,5520,4.5,13061);
Insert into "PARTIAL_RESULT" ("PARTIAL_RESULT_ID","CALCULATION_ID","SCORING_RULE_ID","MAPPING_RULE_CASE_ID","PARTIAL_RESULT","SCORING_RULE_CASE_ID") values (5162,5503,14306,5521,16,13062);
Insert into "PARTIAL_RESULT" ("PARTIAL_RESULT_ID","CALCULATION_ID","SCORING_RULE_ID","MAPPING_RULE_CASE_ID","PARTIAL_RESULT","SCORING_RULE_CASE_ID") values (5163,5504,14352,5560,16,13101);
Insert into "PARTIAL_RESULT" ("PARTIAL_RESULT_ID","CALCULATION_ID","SCORING_RULE_ID","MAPPING_RULE_CASE_ID","PARTIAL_RESULT","SCORING_RULE_CASE_ID") values (5164,5504,14353,5562,6,13103);
Insert into "PARTIAL_RESULT" ("PARTIAL_RESULT_ID","CALCULATION_ID","SCORING_RULE_ID","MAPPING_RULE_CASE_ID","PARTIAL_RESULT","SCORING_RULE_CASE_ID") values (5165,5505,14302,5514,2,13055);
Insert into "PARTIAL_RESULT" ("PARTIAL_RESULT_ID","CALCULATION_ID","SCORING_RULE_ID","MAPPING_RULE_CASE_ID","PARTIAL_RESULT","SCORING_RULE_CASE_ID") values (5166,5505,14304,5517,7,13058);
Insert into "PARTIAL_RESULT" ("PARTIAL_RESULT_ID","CALCULATION_ID","SCORING_RULE_ID","MAPPING_RULE_CASE_ID","PARTIAL_RESULT","SCORING_RULE_CASE_ID") values (5167,5506,14151,5360,5,12901);
Insert into "PARTIAL_RESULT" ("PARTIAL_RESULT_ID","CALCULATION_ID","SCORING_RULE_ID","MAPPING_RULE_CASE_ID","PARTIAL_RESULT","SCORING_RULE_CASE_ID") values (5168,5506,14152,5363,12,12904);
Insert into "PARTIAL_RESULT" ("PARTIAL_RESULT_ID","CALCULATION_ID","SCORING_RULE_ID","MAPPING_RULE_CASE_ID","PARTIAL_RESULT","SCORING_RULE_CASE_ID") values (5169,5506,14251,5461,2.1,13002);
Insert into "PARTIAL_RESULT" ("PARTIAL_RESULT_ID","CALCULATION_ID","SCORING_RULE_ID","MAPPING_RULE_CASE_ID","PARTIAL_RESULT","SCORING_RULE_CASE_ID") values (5170,5506,14201,5411,8,12952);
Insert into "PARTIAL_RESULT" ("PARTIAL_RESULT_ID","CALCULATION_ID","SCORING_RULE_ID","MAPPING_RULE_CASE_ID","PARTIAL_RESULT","SCORING_RULE_CASE_ID") values (5171,5506,14202,5412,5,12953);
Insert into "PARTIAL_RESULT" ("PARTIAL_RESULT_ID","CALCULATION_ID","SCORING_RULE_ID","MAPPING_RULE_CASE_ID","PARTIAL_RESULT","SCORING_RULE_CASE_ID") values (5172,5507,14302,5514,2,13055);
Insert into "PARTIAL_RESULT" ("PARTIAL_RESULT_ID","CALCULATION_ID","SCORING_RULE_ID","MAPPING_RULE_CASE_ID","PARTIAL_RESULT","SCORING_RULE_CASE_ID") values (5173,5507,14304,5517,7,13058);
Insert into "PARTIAL_RESULT" ("PARTIAL_RESULT_ID","CALCULATION_ID","SCORING_RULE_ID","MAPPING_RULE_CASE_ID","PARTIAL_RESULT","SCORING_RULE_CASE_ID") values (5174,5508,14307,5523,6,13064);
Insert into "PARTIAL_RESULT" ("PARTIAL_RESULT_ID","CALCULATION_ID","SCORING_RULE_ID","MAPPING_RULE_CASE_ID","PARTIAL_RESULT","SCORING_RULE_CASE_ID") values (5175,5508,14305,5520,4.5,13061);
Insert into "PARTIAL_RESULT" ("PARTIAL_RESULT_ID","CALCULATION_ID","SCORING_RULE_ID","MAPPING_RULE_CASE_ID","PARTIAL_RESULT","SCORING_RULE_CASE_ID") values (5176,5508,14306,5521,16,13062);
Insert into "PARTIAL_RESULT" ("PARTIAL_RESULT_ID","CALCULATION_ID","SCORING_RULE_ID","MAPPING_RULE_CASE_ID","PARTIAL_RESULT","SCORING_RULE_CASE_ID") values (5177,5509,14352,5560,16,13101);
Insert into "PARTIAL_RESULT" ("PARTIAL_RESULT_ID","CALCULATION_ID","SCORING_RULE_ID","MAPPING_RULE_CASE_ID","PARTIAL_RESULT","SCORING_RULE_CASE_ID") values (5178,5509,14353,5562,6,13103);
Insert into "PARTIAL_RESULT" ("PARTIAL_RESULT_ID","CALCULATION_ID","SCORING_RULE_ID","MAPPING_RULE_CASE_ID","PARTIAL_RESULT","SCORING_RULE_CASE_ID") values (4451,4801,14151,5360,5,12901);
Insert into "PARTIAL_RESULT" ("PARTIAL_RESULT_ID","CALCULATION_ID","SCORING_RULE_ID","MAPPING_RULE_CASE_ID","PARTIAL_RESULT","SCORING_RULE_CASE_ID") values (4651,5001,14307,5523,6,13064);
Insert into "PARTIAL_RESULT" ("PARTIAL_RESULT_ID","CALCULATION_ID","SCORING_RULE_ID","MAPPING_RULE_CASE_ID","PARTIAL_RESULT","SCORING_RULE_CASE_ID") values (4452,4801,14152,5363,12,12904);
Insert into "PARTIAL_RESULT" ("PARTIAL_RESULT_ID","CALCULATION_ID","SCORING_RULE_ID","MAPPING_RULE_CASE_ID","PARTIAL_RESULT","SCORING_RULE_CASE_ID") values (4453,4801,14201,5411,8,12952);
Insert into "PARTIAL_RESULT" ("PARTIAL_RESULT_ID","CALCULATION_ID","SCORING_RULE_ID","MAPPING_RULE_CASE_ID","PARTIAL_RESULT","SCORING_RULE_CASE_ID") values (4454,4801,14202,5412,5,12953);
Insert into "PARTIAL_RESULT" ("PARTIAL_RESULT_ID","CALCULATION_ID","SCORING_RULE_ID","MAPPING_RULE_CASE_ID","PARTIAL_RESULT","SCORING_RULE_CASE_ID") values (4627,4961,14302,5514,2,13055);
Insert into "PARTIAL_RESULT" ("PARTIAL_RESULT_ID","CALCULATION_ID","SCORING_RULE_ID","MAPPING_RULE_CASE_ID","PARTIAL_RESULT","SCORING_RULE_CASE_ID") values (4628,4961,14303,5515,10,13056);
Insert into "PARTIAL_RESULT" ("PARTIAL_RESULT_ID","CALCULATION_ID","SCORING_RULE_ID","MAPPING_RULE_CASE_ID","PARTIAL_RESULT","SCORING_RULE_CASE_ID") values (4629,4961,14304,5518,14,13059);
Insert into "PARTIAL_RESULT" ("PARTIAL_RESULT_ID","CALCULATION_ID","SCORING_RULE_ID","MAPPING_RULE_CASE_ID","PARTIAL_RESULT","SCORING_RULE_CASE_ID") values (4630,4962,14301,5511,3,13052);
Insert into "PARTIAL_RESULT" ("PARTIAL_RESULT_ID","CALCULATION_ID","SCORING_RULE_ID","MAPPING_RULE_CASE_ID","PARTIAL_RESULT","SCORING_RULE_CASE_ID") values (4631,4962,14302,5514,2,13055);
Insert into "PARTIAL_RESULT" ("PARTIAL_RESULT_ID","CALCULATION_ID","SCORING_RULE_ID","MAPPING_RULE_CASE_ID","PARTIAL_RESULT","SCORING_RULE_CASE_ID") values (4632,4962,14303,5515,10,13056);
Insert into "PARTIAL_RESULT" ("PARTIAL_RESULT_ID","CALCULATION_ID","SCORING_RULE_ID","MAPPING_RULE_CASE_ID","PARTIAL_RESULT","SCORING_RULE_CASE_ID") values (4633,4962,14304,5518,14,13059);
Insert into "PARTIAL_RESULT" ("PARTIAL_RESULT_ID","CALCULATION_ID","SCORING_RULE_ID","MAPPING_RULE_CASE_ID","PARTIAL_RESULT","SCORING_RULE_CASE_ID") values (4652,5002,14307,5523,6,13064);
Insert into "PARTIAL_RESULT" ("PARTIAL_RESULT_ID","CALCULATION_ID","SCORING_RULE_ID","MAPPING_RULE_CASE_ID","PARTIAL_RESULT","SCORING_RULE_CASE_ID") values (4653,5003,14307,5523,6,13064);
Insert into "PARTIAL_RESULT" ("PARTIAL_RESULT_ID","CALCULATION_ID","SCORING_RULE_ID","MAPPING_RULE_CASE_ID","PARTIAL_RESULT","SCORING_RULE_CASE_ID") values (4654,5003,14305,5520,4.5,13061);
Insert into "PARTIAL_RESULT" ("PARTIAL_RESULT_ID","CALCULATION_ID","SCORING_RULE_ID","MAPPING_RULE_CASE_ID","PARTIAL_RESULT","SCORING_RULE_CASE_ID") values (4655,5003,14306,5521,16,13062);
Insert into "PARTIAL_RESULT" ("PARTIAL_RESULT_ID","CALCULATION_ID","SCORING_RULE_ID","MAPPING_RULE_CASE_ID","PARTIAL_RESULT","SCORING_RULE_CASE_ID") values (4656,5004,14307,5523,6,13064);
Insert into "PARTIAL_RESULT" ("PARTIAL_RESULT_ID","CALCULATION_ID","SCORING_RULE_ID","MAPPING_RULE_CASE_ID","PARTIAL_RESULT","SCORING_RULE_CASE_ID") values (4657,5004,14305,5520,4.5,13061);
Insert into "PARTIAL_RESULT" ("PARTIAL_RESULT_ID","CALCULATION_ID","SCORING_RULE_ID","MAPPING_RULE_CASE_ID","PARTIAL_RESULT","SCORING_RULE_CASE_ID") values (4658,5004,14306,5521,16,13062);
Insert into "PARTIAL_RESULT" ("PARTIAL_RESULT_ID","CALCULATION_ID","SCORING_RULE_ID","MAPPING_RULE_CASE_ID","PARTIAL_RESULT","SCORING_RULE_CASE_ID") values (4801,5151,14151,5360,5,12901);
Insert into "PARTIAL_RESULT" ("PARTIAL_RESULT_ID","CALCULATION_ID","SCORING_RULE_ID","MAPPING_RULE_CASE_ID","PARTIAL_RESULT","SCORING_RULE_CASE_ID") values (4802,5151,14152,5363,12,12904);
Insert into "PARTIAL_RESULT" ("PARTIAL_RESULT_ID","CALCULATION_ID","SCORING_RULE_ID","MAPPING_RULE_CASE_ID","PARTIAL_RESULT","SCORING_RULE_CASE_ID") values (4803,5151,14251,5461,2.1,13002);
Insert into "PARTIAL_RESULT" ("PARTIAL_RESULT_ID","CALCULATION_ID","SCORING_RULE_ID","MAPPING_RULE_CASE_ID","PARTIAL_RESULT","SCORING_RULE_CASE_ID") values (4804,5151,14201,5411,8,12952);
Insert into "PARTIAL_RESULT" ("PARTIAL_RESULT_ID","CALCULATION_ID","SCORING_RULE_ID","MAPPING_RULE_CASE_ID","PARTIAL_RESULT","SCORING_RULE_CASE_ID") values (4805,5151,14202,5412,5,12953);
Insert into "PARTIAL_RESULT" ("PARTIAL_RESULT_ID","CALCULATION_ID","SCORING_RULE_ID","MAPPING_RULE_CASE_ID","PARTIAL_RESULT","SCORING_RULE_CASE_ID") values (4806,5152,14301,5511,3,13052);
Insert into "PARTIAL_RESULT" ("PARTIAL_RESULT_ID","CALCULATION_ID","SCORING_RULE_ID","MAPPING_RULE_CASE_ID","PARTIAL_RESULT","SCORING_RULE_CASE_ID") values (4807,5152,14302,5514,2,13055);
Insert into "PARTIAL_RESULT" ("PARTIAL_RESULT_ID","CALCULATION_ID","SCORING_RULE_ID","MAPPING_RULE_CASE_ID","PARTIAL_RESULT","SCORING_RULE_CASE_ID") values (4808,5152,14303,5515,10,13056);
Insert into "PARTIAL_RESULT" ("PARTIAL_RESULT_ID","CALCULATION_ID","SCORING_RULE_ID","MAPPING_RULE_CASE_ID","PARTIAL_RESULT","SCORING_RULE_CASE_ID") values (4809,5152,14304,5518,14,13059);
Insert into "PARTIAL_RESULT" ("PARTIAL_RESULT_ID","CALCULATION_ID","SCORING_RULE_ID","MAPPING_RULE_CASE_ID","PARTIAL_RESULT","SCORING_RULE_CASE_ID") values (4810,5153,14301,5511,3,13052);
Insert into "PARTIAL_RESULT" ("PARTIAL_RESULT_ID","CALCULATION_ID","SCORING_RULE_ID","MAPPING_RULE_CASE_ID","PARTIAL_RESULT","SCORING_RULE_CASE_ID") values (4811,5153,14302,5514,2,13055);
Insert into "PARTIAL_RESULT" ("PARTIAL_RESULT_ID","CALCULATION_ID","SCORING_RULE_ID","MAPPING_RULE_CASE_ID","PARTIAL_RESULT","SCORING_RULE_CASE_ID") values (4812,5153,14303,5515,10,13056);
Insert into "PARTIAL_RESULT" ("PARTIAL_RESULT_ID","CALCULATION_ID","SCORING_RULE_ID","MAPPING_RULE_CASE_ID","PARTIAL_RESULT","SCORING_RULE_CASE_ID") values (4813,5153,14304,5518,14,13059);
Insert into "PARTIAL_RESULT" ("PARTIAL_RESULT_ID","CALCULATION_ID","SCORING_RULE_ID","MAPPING_RULE_CASE_ID","PARTIAL_RESULT","SCORING_RULE_CASE_ID") values (4814,5154,14301,5511,3,13052);
Insert into "PARTIAL_RESULT" ("PARTIAL_RESULT_ID","CALCULATION_ID","SCORING_RULE_ID","MAPPING_RULE_CASE_ID","PARTIAL_RESULT","SCORING_RULE_CASE_ID") values (4815,5154,14302,5514,2,13055);
Insert into "PARTIAL_RESULT" ("PARTIAL_RESULT_ID","CALCULATION_ID","SCORING_RULE_ID","MAPPING_RULE_CASE_ID","PARTIAL_RESULT","SCORING_RULE_CASE_ID") values (4816,5154,14303,5515,10,13056);
Insert into "PARTIAL_RESULT" ("PARTIAL_RESULT_ID","CALCULATION_ID","SCORING_RULE_ID","MAPPING_RULE_CASE_ID","PARTIAL_RESULT","SCORING_RULE_CASE_ID") values (4817,5154,14304,5518,14,13059);
Insert into "PARTIAL_RESULT" ("PARTIAL_RESULT_ID","CALCULATION_ID","SCORING_RULE_ID","MAPPING_RULE_CASE_ID","PARTIAL_RESULT","SCORING_RULE_CASE_ID") values (4818,5155,14301,5511,3,13052);
Insert into "PARTIAL_RESULT" ("PARTIAL_RESULT_ID","CALCULATION_ID","SCORING_RULE_ID","MAPPING_RULE_CASE_ID","PARTIAL_RESULT","SCORING_RULE_CASE_ID") values (4819,5155,14302,5514,2,13055);
Insert into "PARTIAL_RESULT" ("PARTIAL_RESULT_ID","CALCULATION_ID","SCORING_RULE_ID","MAPPING_RULE_CASE_ID","PARTIAL_RESULT","SCORING_RULE_CASE_ID") values (4820,5155,14303,5515,10,13056);
Insert into "PARTIAL_RESULT" ("PARTIAL_RESULT_ID","CALCULATION_ID","SCORING_RULE_ID","MAPPING_RULE_CASE_ID","PARTIAL_RESULT","SCORING_RULE_CASE_ID") values (4821,5155,14304,5518,14,13059);
Insert into "PARTIAL_RESULT" ("PARTIAL_RESULT_ID","CALCULATION_ID","SCORING_RULE_ID","MAPPING_RULE_CASE_ID","PARTIAL_RESULT","SCORING_RULE_CASE_ID") values (4822,5156,14301,5511,3,13052);
Insert into "PARTIAL_RESULT" ("PARTIAL_RESULT_ID","CALCULATION_ID","SCORING_RULE_ID","MAPPING_RULE_CASE_ID","PARTIAL_RESULT","SCORING_RULE_CASE_ID") values (4823,5156,14302,5514,2,13055);
Insert into "PARTIAL_RESULT" ("PARTIAL_RESULT_ID","CALCULATION_ID","SCORING_RULE_ID","MAPPING_RULE_CASE_ID","PARTIAL_RESULT","SCORING_RULE_CASE_ID") values (4824,5156,14303,5515,10,13056);
Insert into "PARTIAL_RESULT" ("PARTIAL_RESULT_ID","CALCULATION_ID","SCORING_RULE_ID","MAPPING_RULE_CASE_ID","PARTIAL_RESULT","SCORING_RULE_CASE_ID") values (4825,5156,14304,5518,14,13059);
Insert into "PARTIAL_RESULT" ("PARTIAL_RESULT_ID","CALCULATION_ID","SCORING_RULE_ID","MAPPING_RULE_CASE_ID","PARTIAL_RESULT","SCORING_RULE_CASE_ID") values (4551,4901,14151,5360,5,12901);
Insert into "PARTIAL_RESULT" ("PARTIAL_RESULT_ID","CALCULATION_ID","SCORING_RULE_ID","MAPPING_RULE_CASE_ID","PARTIAL_RESULT","SCORING_RULE_CASE_ID") values (4552,4901,14152,5363,12,12904);
Insert into "PARTIAL_RESULT" ("PARTIAL_RESULT_ID","CALCULATION_ID","SCORING_RULE_ID","MAPPING_RULE_CASE_ID","PARTIAL_RESULT","SCORING_RULE_CASE_ID") values (4553,4901,14251,5461,2.1,13002);
Insert into "PARTIAL_RESULT" ("PARTIAL_RESULT_ID","CALCULATION_ID","SCORING_RULE_ID","MAPPING_RULE_CASE_ID","PARTIAL_RESULT","SCORING_RULE_CASE_ID") values (4554,4901,14201,5411,8,12952);
Insert into "PARTIAL_RESULT" ("PARTIAL_RESULT_ID","CALCULATION_ID","SCORING_RULE_ID","MAPPING_RULE_CASE_ID","PARTIAL_RESULT","SCORING_RULE_CASE_ID") values (4555,4901,14202,5412,5,12953);
Insert into "PARTIAL_RESULT" ("PARTIAL_RESULT_ID","CALCULATION_ID","SCORING_RULE_ID","MAPPING_RULE_CASE_ID","PARTIAL_RESULT","SCORING_RULE_CASE_ID") values (4556,4902,14151,5360,5,12901);
Insert into "PARTIAL_RESULT" ("PARTIAL_RESULT_ID","CALCULATION_ID","SCORING_RULE_ID","MAPPING_RULE_CASE_ID","PARTIAL_RESULT","SCORING_RULE_CASE_ID") values (4557,4902,14152,5363,12,12904);
Insert into "PARTIAL_RESULT" ("PARTIAL_RESULT_ID","CALCULATION_ID","SCORING_RULE_ID","MAPPING_RULE_CASE_ID","PARTIAL_RESULT","SCORING_RULE_CASE_ID") values (4558,4902,14251,5461,2.1,13002);
Insert into "PARTIAL_RESULT" ("PARTIAL_RESULT_ID","CALCULATION_ID","SCORING_RULE_ID","MAPPING_RULE_CASE_ID","PARTIAL_RESULT","SCORING_RULE_CASE_ID") values (4559,4902,14201,5411,8,12952);
Insert into "PARTIAL_RESULT" ("PARTIAL_RESULT_ID","CALCULATION_ID","SCORING_RULE_ID","MAPPING_RULE_CASE_ID","PARTIAL_RESULT","SCORING_RULE_CASE_ID") values (4560,4902,14202,5412,5,12953);
Insert into "PARTIAL_RESULT" ("PARTIAL_RESULT_ID","CALCULATION_ID","SCORING_RULE_ID","MAPPING_RULE_CASE_ID","PARTIAL_RESULT","SCORING_RULE_CASE_ID") values (4601,4951,14151,5360,5,12901);
Insert into "PARTIAL_RESULT" ("PARTIAL_RESULT_ID","CALCULATION_ID","SCORING_RULE_ID","MAPPING_RULE_CASE_ID","PARTIAL_RESULT","SCORING_RULE_CASE_ID") values (4602,4951,14152,5363,12,12904);
Insert into "PARTIAL_RESULT" ("PARTIAL_RESULT_ID","CALCULATION_ID","SCORING_RULE_ID","MAPPING_RULE_CASE_ID","PARTIAL_RESULT","SCORING_RULE_CASE_ID") values (4603,4951,14251,5461,2.1,13002);
Insert into "PARTIAL_RESULT" ("PARTIAL_RESULT_ID","CALCULATION_ID","SCORING_RULE_ID","MAPPING_RULE_CASE_ID","PARTIAL_RESULT","SCORING_RULE_CASE_ID") values (4604,4951,14201,5411,8,12952);
Insert into "PARTIAL_RESULT" ("PARTIAL_RESULT_ID","CALCULATION_ID","SCORING_RULE_ID","MAPPING_RULE_CASE_ID","PARTIAL_RESULT","SCORING_RULE_CASE_ID") values (4605,4951,14202,5412,5,12953);
Insert into "PARTIAL_RESULT" ("PARTIAL_RESULT_ID","CALCULATION_ID","SCORING_RULE_ID","MAPPING_RULE_CASE_ID","PARTIAL_RESULT","SCORING_RULE_CASE_ID") values (4606,4952,14151,5360,5,12901);
Insert into "PARTIAL_RESULT" ("PARTIAL_RESULT_ID","CALCULATION_ID","SCORING_RULE_ID","MAPPING_RULE_CASE_ID","PARTIAL_RESULT","SCORING_RULE_CASE_ID") values (4607,4952,14152,5363,12,12904);
Insert into "PARTIAL_RESULT" ("PARTIAL_RESULT_ID","CALCULATION_ID","SCORING_RULE_ID","MAPPING_RULE_CASE_ID","PARTIAL_RESULT","SCORING_RULE_CASE_ID") values (4608,4952,14251,5461,2.1,13002);
Insert into "PARTIAL_RESULT" ("PARTIAL_RESULT_ID","CALCULATION_ID","SCORING_RULE_ID","MAPPING_RULE_CASE_ID","PARTIAL_RESULT","SCORING_RULE_CASE_ID") values (4609,4952,14201,5411,8,12952);
Insert into "PARTIAL_RESULT" ("PARTIAL_RESULT_ID","CALCULATION_ID","SCORING_RULE_ID","MAPPING_RULE_CASE_ID","PARTIAL_RESULT","SCORING_RULE_CASE_ID") values (4610,4952,14202,5412,5,12953);
Insert into "PARTIAL_RESULT" ("PARTIAL_RESULT_ID","CALCULATION_ID","SCORING_RULE_ID","MAPPING_RULE_CASE_ID","PARTIAL_RESULT","SCORING_RULE_CASE_ID") values (4611,4953,14151,5360,5,12901);
Insert into "PARTIAL_RESULT" ("PARTIAL_RESULT_ID","CALCULATION_ID","SCORING_RULE_ID","MAPPING_RULE_CASE_ID","PARTIAL_RESULT","SCORING_RULE_CASE_ID") values (4612,4953,14152,5363,12,12904);
Insert into "PARTIAL_RESULT" ("PARTIAL_RESULT_ID","CALCULATION_ID","SCORING_RULE_ID","MAPPING_RULE_CASE_ID","PARTIAL_RESULT","SCORING_RULE_CASE_ID") values (4613,4953,14251,5461,2.1,13002);
Insert into "PARTIAL_RESULT" ("PARTIAL_RESULT_ID","CALCULATION_ID","SCORING_RULE_ID","MAPPING_RULE_CASE_ID","PARTIAL_RESULT","SCORING_RULE_CASE_ID") values (4614,4953,14201,5411,8,12952);
Insert into "PARTIAL_RESULT" ("PARTIAL_RESULT_ID","CALCULATION_ID","SCORING_RULE_ID","MAPPING_RULE_CASE_ID","PARTIAL_RESULT","SCORING_RULE_CASE_ID") values (4615,4953,14202,5412,5,12953);
Insert into "PARTIAL_RESULT" ("PARTIAL_RESULT_ID","CALCULATION_ID","SCORING_RULE_ID","MAPPING_RULE_CASE_ID","PARTIAL_RESULT","SCORING_RULE_CASE_ID") values (4626,4961,14301,5511,3,13052);
Insert into "PARTIAL_RESULT" ("PARTIAL_RESULT_ID","CALCULATION_ID","SCORING_RULE_ID","MAPPING_RULE_CASE_ID","PARTIAL_RESULT","SCORING_RULE_CASE_ID") values (4636,4965,14307,5523,6,13064);
Insert into "PARTIAL_RESULT" ("PARTIAL_RESULT_ID","CALCULATION_ID","SCORING_RULE_ID","MAPPING_RULE_CASE_ID","PARTIAL_RESULT","SCORING_RULE_CASE_ID") values (5051,5401,14307,5523,6,13064);
Insert into "PARTIAL_RESULT" ("PARTIAL_RESULT_ID","CALCULATION_ID","SCORING_RULE_ID","MAPPING_RULE_CASE_ID","PARTIAL_RESULT","SCORING_RULE_CASE_ID") values (5052,5401,14305,5520,4.5,13061);
Insert into "PARTIAL_RESULT" ("PARTIAL_RESULT_ID","CALCULATION_ID","SCORING_RULE_ID","MAPPING_RULE_CASE_ID","PARTIAL_RESULT","SCORING_RULE_CASE_ID") values (5053,5401,14306,5521,16,13062);
Insert into "PARTIAL_RESULT" ("PARTIAL_RESULT_ID","CALCULATION_ID","SCORING_RULE_ID","MAPPING_RULE_CASE_ID","PARTIAL_RESULT","SCORING_RULE_CASE_ID") values (5054,5402,14307,5523,6,13064);
Insert into "PARTIAL_RESULT" ("PARTIAL_RESULT_ID","CALCULATION_ID","SCORING_RULE_ID","MAPPING_RULE_CASE_ID","PARTIAL_RESULT","SCORING_RULE_CASE_ID") values (5055,5402,14305,5520,4.5,13061);
Insert into "PARTIAL_RESULT" ("PARTIAL_RESULT_ID","CALCULATION_ID","SCORING_RULE_ID","MAPPING_RULE_CASE_ID","PARTIAL_RESULT","SCORING_RULE_CASE_ID") values (5056,5402,14306,5521,16,13062);
Insert into "PARTIAL_RESULT" ("PARTIAL_RESULT_ID","CALCULATION_ID","SCORING_RULE_ID","MAPPING_RULE_CASE_ID","PARTIAL_RESULT","SCORING_RULE_CASE_ID") values (5057,5403,14302,5514,2,13055);
Insert into "PARTIAL_RESULT" ("PARTIAL_RESULT_ID","CALCULATION_ID","SCORING_RULE_ID","MAPPING_RULE_CASE_ID","PARTIAL_RESULT","SCORING_RULE_CASE_ID") values (5058,5403,14304,5517,7,13058);
Insert into "PARTIAL_RESULT" ("PARTIAL_RESULT_ID","CALCULATION_ID","SCORING_RULE_ID","MAPPING_RULE_CASE_ID","PARTIAL_RESULT","SCORING_RULE_CASE_ID") values (5059,5404,14302,5514,2,13055);
Insert into "PARTIAL_RESULT" ("PARTIAL_RESULT_ID","CALCULATION_ID","SCORING_RULE_ID","MAPPING_RULE_CASE_ID","PARTIAL_RESULT","SCORING_RULE_CASE_ID") values (5060,5404,14304,5517,7,13058);
Insert into "PARTIAL_RESULT" ("PARTIAL_RESULT_ID","CALCULATION_ID","SCORING_RULE_ID","MAPPING_RULE_CASE_ID","PARTIAL_RESULT","SCORING_RULE_CASE_ID") values (5201,5551,14151,5360,5,12901);
Insert into "PARTIAL_RESULT" ("PARTIAL_RESULT_ID","CALCULATION_ID","SCORING_RULE_ID","MAPPING_RULE_CASE_ID","PARTIAL_RESULT","SCORING_RULE_CASE_ID") values (5202,5551,14152,5363,12,12904);
Insert into "PARTIAL_RESULT" ("PARTIAL_RESULT_ID","CALCULATION_ID","SCORING_RULE_ID","MAPPING_RULE_CASE_ID","PARTIAL_RESULT","SCORING_RULE_CASE_ID") values (5203,5551,14251,5461,2.1,13002);
Insert into "PARTIAL_RESULT" ("PARTIAL_RESULT_ID","CALCULATION_ID","SCORING_RULE_ID","MAPPING_RULE_CASE_ID","PARTIAL_RESULT","SCORING_RULE_CASE_ID") values (5204,5551,14201,5411,8,12952);
Insert into "PARTIAL_RESULT" ("PARTIAL_RESULT_ID","CALCULATION_ID","SCORING_RULE_ID","MAPPING_RULE_CASE_ID","PARTIAL_RESULT","SCORING_RULE_CASE_ID") values (5205,5551,14202,5412,5,12953);
Insert into "PARTIAL_RESULT" ("PARTIAL_RESULT_ID","CALCULATION_ID","SCORING_RULE_ID","MAPPING_RULE_CASE_ID","PARTIAL_RESULT","SCORING_RULE_CASE_ID") values (5206,5552,14301,5511,3,13052);
Insert into "PARTIAL_RESULT" ("PARTIAL_RESULT_ID","CALCULATION_ID","SCORING_RULE_ID","MAPPING_RULE_CASE_ID","PARTIAL_RESULT","SCORING_RULE_CASE_ID") values (5207,5552,14302,5514,2,13055);
Insert into "PARTIAL_RESULT" ("PARTIAL_RESULT_ID","CALCULATION_ID","SCORING_RULE_ID","MAPPING_RULE_CASE_ID","PARTIAL_RESULT","SCORING_RULE_CASE_ID") values (5208,5552,14303,5515,10,13056);
Insert into "PARTIAL_RESULT" ("PARTIAL_RESULT_ID","CALCULATION_ID","SCORING_RULE_ID","MAPPING_RULE_CASE_ID","PARTIAL_RESULT","SCORING_RULE_CASE_ID") values (5209,5552,14304,5518,14,13059);
Insert into "PARTIAL_RESULT" ("PARTIAL_RESULT_ID","CALCULATION_ID","SCORING_RULE_ID","MAPPING_RULE_CASE_ID","PARTIAL_RESULT","SCORING_RULE_CASE_ID") values (5210,5553,14301,5511,3,13052);
Insert into "PARTIAL_RESULT" ("PARTIAL_RESULT_ID","CALCULATION_ID","SCORING_RULE_ID","MAPPING_RULE_CASE_ID","PARTIAL_RESULT","SCORING_RULE_CASE_ID") values (5211,5553,14302,5514,2,13055);
Insert into "PARTIAL_RESULT" ("PARTIAL_RESULT_ID","CALCULATION_ID","SCORING_RULE_ID","MAPPING_RULE_CASE_ID","PARTIAL_RESULT","SCORING_RULE_CASE_ID") values (5212,5553,14303,5515,10,13056);
Insert into "PARTIAL_RESULT" ("PARTIAL_RESULT_ID","CALCULATION_ID","SCORING_RULE_ID","MAPPING_RULE_CASE_ID","PARTIAL_RESULT","SCORING_RULE_CASE_ID") values (5213,5553,14304,5518,14,13059);
Insert into "PARTIAL_RESULT" ("PARTIAL_RESULT_ID","CALCULATION_ID","SCORING_RULE_ID","MAPPING_RULE_CASE_ID","PARTIAL_RESULT","SCORING_RULE_CASE_ID") values (5214,5554,14307,5523,6,13064);
Insert into "PARTIAL_RESULT" ("PARTIAL_RESULT_ID","CALCULATION_ID","SCORING_RULE_ID","MAPPING_RULE_CASE_ID","PARTIAL_RESULT","SCORING_RULE_CASE_ID") values (5215,5554,14305,5520,4.5,13061);
Insert into "PARTIAL_RESULT" ("PARTIAL_RESULT_ID","CALCULATION_ID","SCORING_RULE_ID","MAPPING_RULE_CASE_ID","PARTIAL_RESULT","SCORING_RULE_CASE_ID") values (5216,5554,14306,5521,16,13062);
Insert into "PARTIAL_RESULT" ("PARTIAL_RESULT_ID","CALCULATION_ID","SCORING_RULE_ID","MAPPING_RULE_CASE_ID","PARTIAL_RESULT","SCORING_RULE_CASE_ID") values (4634,4963,14307,5523,6,13064);
Insert into "PARTIAL_RESULT" ("PARTIAL_RESULT_ID","CALCULATION_ID","SCORING_RULE_ID","MAPPING_RULE_CASE_ID","PARTIAL_RESULT","SCORING_RULE_CASE_ID") values (4635,4964,14307,5523,6,13064);
Insert into "PARTIAL_RESULT" ("PARTIAL_RESULT_ID","CALCULATION_ID","SCORING_RULE_ID","MAPPING_RULE_CASE_ID","PARTIAL_RESULT","SCORING_RULE_CASE_ID") values (4702,5051,14302,5514,2,13055);
Insert into "PARTIAL_RESULT" ("PARTIAL_RESULT_ID","CALCULATION_ID","SCORING_RULE_ID","MAPPING_RULE_CASE_ID","PARTIAL_RESULT","SCORING_RULE_CASE_ID") values (4703,5051,14303,5515,10,13056);
Insert into "PARTIAL_RESULT" ("PARTIAL_RESULT_ID","CALCULATION_ID","SCORING_RULE_ID","MAPPING_RULE_CASE_ID","PARTIAL_RESULT","SCORING_RULE_CASE_ID") values (4704,5051,14304,5518,14,13059);
Insert into "PARTIAL_RESULT" ("PARTIAL_RESULT_ID","CALCULATION_ID","SCORING_RULE_ID","MAPPING_RULE_CASE_ID","PARTIAL_RESULT","SCORING_RULE_CASE_ID") values (4705,5052,14307,5523,6,13064);
Insert into "PARTIAL_RESULT" ("PARTIAL_RESULT_ID","CALCULATION_ID","SCORING_RULE_ID","MAPPING_RULE_CASE_ID","PARTIAL_RESULT","SCORING_RULE_CASE_ID") values (4706,5052,14305,5520,4.5,13061);
Insert into "PARTIAL_RESULT" ("PARTIAL_RESULT_ID","CALCULATION_ID","SCORING_RULE_ID","MAPPING_RULE_CASE_ID","PARTIAL_RESULT","SCORING_RULE_CASE_ID") values (4707,5052,14306,5521,16,13062);
Insert into "PARTIAL_RESULT" ("PARTIAL_RESULT_ID","CALCULATION_ID","SCORING_RULE_ID","MAPPING_RULE_CASE_ID","PARTIAL_RESULT","SCORING_RULE_CASE_ID") values (4303,4656,14151,5361,2.5,12902);
Insert into "PARTIAL_RESULT" ("PARTIAL_RESULT_ID","CALCULATION_ID","SCORING_RULE_ID","MAPPING_RULE_CASE_ID","PARTIAL_RESULT","SCORING_RULE_CASE_ID") values (4708,5053,14307,5523,6,13064);
Insert into "PARTIAL_RESULT" ("PARTIAL_RESULT_ID","CALCULATION_ID","SCORING_RULE_ID","MAPPING_RULE_CASE_ID","PARTIAL_RESULT","SCORING_RULE_CASE_ID") values (4709,5053,14305,5520,4.5,13061);
Insert into "PARTIAL_RESULT" ("PARTIAL_RESULT_ID","CALCULATION_ID","SCORING_RULE_ID","MAPPING_RULE_CASE_ID","PARTIAL_RESULT","SCORING_RULE_CASE_ID") values (4301,4654,14151,5361,2.5,12902);
Insert into "PARTIAL_RESULT" ("PARTIAL_RESULT_ID","CALCULATION_ID","SCORING_RULE_ID","MAPPING_RULE_CASE_ID","PARTIAL_RESULT","SCORING_RULE_CASE_ID") values (4302,4655,14151,5361,2.5,12902);
Insert into "PARTIAL_RESULT" ("PARTIAL_RESULT_ID","CALCULATION_ID","SCORING_RULE_ID","MAPPING_RULE_CASE_ID","PARTIAL_RESULT","SCORING_RULE_CASE_ID") values (4304,4657,14151,5361,2.5,12902);
Insert into "PARTIAL_RESULT" ("PARTIAL_RESULT_ID","CALCULATION_ID","SCORING_RULE_ID","MAPPING_RULE_CASE_ID","PARTIAL_RESULT","SCORING_RULE_CASE_ID") values (4351,4701,14151,5361,2.5,12902);
Insert into "PARTIAL_RESULT" ("PARTIAL_RESULT_ID","CALCULATION_ID","SCORING_RULE_ID","MAPPING_RULE_CASE_ID","PARTIAL_RESULT","SCORING_RULE_CASE_ID") values (4352,4702,14151,5361,2.5,12902);
Insert into "PARTIAL_RESULT" ("PARTIAL_RESULT_ID","CALCULATION_ID","SCORING_RULE_ID","MAPPING_RULE_CASE_ID","PARTIAL_RESULT","SCORING_RULE_CASE_ID") values (4353,4702,14152,5362,6,12903);
Insert into "PARTIAL_RESULT" ("PARTIAL_RESULT_ID","CALCULATION_ID","SCORING_RULE_ID","MAPPING_RULE_CASE_ID","PARTIAL_RESULT","SCORING_RULE_CASE_ID") values (4354,4703,14151,5361,2.5,12902);
Insert into "PARTIAL_RESULT" ("PARTIAL_RESULT_ID","CALCULATION_ID","SCORING_RULE_ID","MAPPING_RULE_CASE_ID","PARTIAL_RESULT","SCORING_RULE_CASE_ID") values (4355,4703,14152,5362,6,12903);
Insert into "PARTIAL_RESULT" ("PARTIAL_RESULT_ID","CALCULATION_ID","SCORING_RULE_ID","MAPPING_RULE_CASE_ID","PARTIAL_RESULT","SCORING_RULE_CASE_ID") values (4356,4703,14201,5411,8,12952);
Insert into "PARTIAL_RESULT" ("PARTIAL_RESULT_ID","CALCULATION_ID","SCORING_RULE_ID","MAPPING_RULE_CASE_ID","PARTIAL_RESULT","SCORING_RULE_CASE_ID") values (4357,4704,14151,5361,2.5,12902);
Insert into "PARTIAL_RESULT" ("PARTIAL_RESULT_ID","CALCULATION_ID","SCORING_RULE_ID","MAPPING_RULE_CASE_ID","PARTIAL_RESULT","SCORING_RULE_CASE_ID") values (4358,4704,14152,5362,6,12903);
Insert into "PARTIAL_RESULT" ("PARTIAL_RESULT_ID","CALCULATION_ID","SCORING_RULE_ID","MAPPING_RULE_CASE_ID","PARTIAL_RESULT","SCORING_RULE_CASE_ID") values (4359,4704,14201,5411,8,12952);
Insert into "PARTIAL_RESULT" ("PARTIAL_RESULT_ID","CALCULATION_ID","SCORING_RULE_ID","MAPPING_RULE_CASE_ID","PARTIAL_RESULT","SCORING_RULE_CASE_ID") values (4360,4704,14202,5413,10,12954);
Insert into "PARTIAL_RESULT" ("PARTIAL_RESULT_ID","CALCULATION_ID","SCORING_RULE_ID","MAPPING_RULE_CASE_ID","PARTIAL_RESULT","SCORING_RULE_CASE_ID") values (4361,4705,14151,5360,5,12901);
Insert into "PARTIAL_RESULT" ("PARTIAL_RESULT_ID","CALCULATION_ID","SCORING_RULE_ID","MAPPING_RULE_CASE_ID","PARTIAL_RESULT","SCORING_RULE_CASE_ID") values (4362,4705,14152,5363,12,12904);
Insert into "PARTIAL_RESULT" ("PARTIAL_RESULT_ID","CALCULATION_ID","SCORING_RULE_ID","MAPPING_RULE_CASE_ID","PARTIAL_RESULT","SCORING_RULE_CASE_ID") values (4363,4705,14201,5410,4,12951);
Insert into "PARTIAL_RESULT" ("PARTIAL_RESULT_ID","CALCULATION_ID","SCORING_RULE_ID","MAPPING_RULE_CASE_ID","PARTIAL_RESULT","SCORING_RULE_CASE_ID") values (4364,4705,14202,5412,5,12953);
Insert into "PARTIAL_RESULT" ("PARTIAL_RESULT_ID","CALCULATION_ID","SCORING_RULE_ID","MAPPING_RULE_CASE_ID","PARTIAL_RESULT","SCORING_RULE_CASE_ID") values (4365,4706,14151,5360,5,12901);
Insert into "PARTIAL_RESULT" ("PARTIAL_RESULT_ID","CALCULATION_ID","SCORING_RULE_ID","MAPPING_RULE_CASE_ID","PARTIAL_RESULT","SCORING_RULE_CASE_ID") values (4366,4706,14152,5363,12,12904);
Insert into "PARTIAL_RESULT" ("PARTIAL_RESULT_ID","CALCULATION_ID","SCORING_RULE_ID","MAPPING_RULE_CASE_ID","PARTIAL_RESULT","SCORING_RULE_CASE_ID") values (4367,4706,14201,5411,8,12952);
Insert into "PARTIAL_RESULT" ("PARTIAL_RESULT_ID","CALCULATION_ID","SCORING_RULE_ID","MAPPING_RULE_CASE_ID","PARTIAL_RESULT","SCORING_RULE_CASE_ID") values (4368,4706,14202,5412,5,12953);
Insert into "PARTIAL_RESULT" ("PARTIAL_RESULT_ID","CALCULATION_ID","SCORING_RULE_ID","MAPPING_RULE_CASE_ID","PARTIAL_RESULT","SCORING_RULE_CASE_ID") values (4401,4751,14151,5360,5,12901);
Insert into "PARTIAL_RESULT" ("PARTIAL_RESULT_ID","CALCULATION_ID","SCORING_RULE_ID","MAPPING_RULE_CASE_ID","PARTIAL_RESULT","SCORING_RULE_CASE_ID") values (4402,4751,14152,5363,12,12904);
Insert into "PARTIAL_RESULT" ("PARTIAL_RESULT_ID","CALCULATION_ID","SCORING_RULE_ID","MAPPING_RULE_CASE_ID","PARTIAL_RESULT","SCORING_RULE_CASE_ID") values (4403,4751,14201,5411,8,12952);
Insert into "PARTIAL_RESULT" ("PARTIAL_RESULT_ID","CALCULATION_ID","SCORING_RULE_ID","MAPPING_RULE_CASE_ID","PARTIAL_RESULT","SCORING_RULE_CASE_ID") values (4404,4751,14202,5412,5,12953);
Insert into "PARTIAL_RESULT" ("PARTIAL_RESULT_ID","CALCULATION_ID","SCORING_RULE_ID","MAPPING_RULE_CASE_ID","PARTIAL_RESULT","SCORING_RULE_CASE_ID") values (4405,4752,14151,5360,5,12901);
Insert into "PARTIAL_RESULT" ("PARTIAL_RESULT_ID","CALCULATION_ID","SCORING_RULE_ID","MAPPING_RULE_CASE_ID","PARTIAL_RESULT","SCORING_RULE_CASE_ID") values (4406,4752,14152,5363,12,12904);
Insert into "PARTIAL_RESULT" ("PARTIAL_RESULT_ID","CALCULATION_ID","SCORING_RULE_ID","MAPPING_RULE_CASE_ID","PARTIAL_RESULT","SCORING_RULE_CASE_ID") values (4407,4752,14201,5411,8,12952);
Insert into "PARTIAL_RESULT" ("PARTIAL_RESULT_ID","CALCULATION_ID","SCORING_RULE_ID","MAPPING_RULE_CASE_ID","PARTIAL_RESULT","SCORING_RULE_CASE_ID") values (4408,4752,14202,5412,5,12953);
Insert into "PARTIAL_RESULT" ("PARTIAL_RESULT_ID","CALCULATION_ID","SCORING_RULE_ID","MAPPING_RULE_CASE_ID","PARTIAL_RESULT","SCORING_RULE_CASE_ID") values (4409,4753,14151,5360,5,12901);
Insert into "PARTIAL_RESULT" ("PARTIAL_RESULT_ID","CALCULATION_ID","SCORING_RULE_ID","MAPPING_RULE_CASE_ID","PARTIAL_RESULT","SCORING_RULE_CASE_ID") values (4410,4753,14152,5363,12,12904);
Insert into "PARTIAL_RESULT" ("PARTIAL_RESULT_ID","CALCULATION_ID","SCORING_RULE_ID","MAPPING_RULE_CASE_ID","PARTIAL_RESULT","SCORING_RULE_CASE_ID") values (4411,4753,14201,5411,8,12952);
Insert into "PARTIAL_RESULT" ("PARTIAL_RESULT_ID","CALCULATION_ID","SCORING_RULE_ID","MAPPING_RULE_CASE_ID","PARTIAL_RESULT","SCORING_RULE_CASE_ID") values (4412,4753,14202,5412,5,12953);
Insert into "PARTIAL_RESULT" ("PARTIAL_RESULT_ID","CALCULATION_ID","SCORING_RULE_ID","MAPPING_RULE_CASE_ID","PARTIAL_RESULT","SCORING_RULE_CASE_ID") values (4455,4802,14151,5360,5,12901);
Insert into "PARTIAL_RESULT" ("PARTIAL_RESULT_ID","CALCULATION_ID","SCORING_RULE_ID","MAPPING_RULE_CASE_ID","PARTIAL_RESULT","SCORING_RULE_CASE_ID") values (4456,4802,14152,5363,12,12904);
Insert into "PARTIAL_RESULT" ("PARTIAL_RESULT_ID","CALCULATION_ID","SCORING_RULE_ID","MAPPING_RULE_CASE_ID","PARTIAL_RESULT","SCORING_RULE_CASE_ID") values (4457,4802,14251,5460,3,13001);
Insert into "PARTIAL_RESULT" ("PARTIAL_RESULT_ID","CALCULATION_ID","SCORING_RULE_ID","MAPPING_RULE_CASE_ID","PARTIAL_RESULT","SCORING_RULE_CASE_ID") values (4458,4802,14201,5411,8,12952);
Insert into "PARTIAL_RESULT" ("PARTIAL_RESULT_ID","CALCULATION_ID","SCORING_RULE_ID","MAPPING_RULE_CASE_ID","PARTIAL_RESULT","SCORING_RULE_CASE_ID") values (4459,4802,14202,5412,5,12953);
Insert into "PARTIAL_RESULT" ("PARTIAL_RESULT_ID","CALCULATION_ID","SCORING_RULE_ID","MAPPING_RULE_CASE_ID","PARTIAL_RESULT","SCORING_RULE_CASE_ID") values (4460,4803,14151,5360,5,12901);
Insert into "PARTIAL_RESULT" ("PARTIAL_RESULT_ID","CALCULATION_ID","SCORING_RULE_ID","MAPPING_RULE_CASE_ID","PARTIAL_RESULT","SCORING_RULE_CASE_ID") values (4461,4803,14152,5363,12,12904);
Insert into "PARTIAL_RESULT" ("PARTIAL_RESULT_ID","CALCULATION_ID","SCORING_RULE_ID","MAPPING_RULE_CASE_ID","PARTIAL_RESULT","SCORING_RULE_CASE_ID") values (4462,4803,14251,5460,3,13001);
Insert into "PARTIAL_RESULT" ("PARTIAL_RESULT_ID","CALCULATION_ID","SCORING_RULE_ID","MAPPING_RULE_CASE_ID","PARTIAL_RESULT","SCORING_RULE_CASE_ID") values (4463,4803,14201,5411,8,12952);
Insert into "PARTIAL_RESULT" ("PARTIAL_RESULT_ID","CALCULATION_ID","SCORING_RULE_ID","MAPPING_RULE_CASE_ID","PARTIAL_RESULT","SCORING_RULE_CASE_ID") values (4464,4803,14202,5412,5,12953);
Insert into "PARTIAL_RESULT" ("PARTIAL_RESULT_ID","CALCULATION_ID","SCORING_RULE_ID","MAPPING_RULE_CASE_ID","PARTIAL_RESULT","SCORING_RULE_CASE_ID") values (4465,4804,14151,5360,5,12901);
Insert into "PARTIAL_RESULT" ("PARTIAL_RESULT_ID","CALCULATION_ID","SCORING_RULE_ID","MAPPING_RULE_CASE_ID","PARTIAL_RESULT","SCORING_RULE_CASE_ID") values (4466,4804,14152,5363,12,12904);
Insert into "PARTIAL_RESULT" ("PARTIAL_RESULT_ID","CALCULATION_ID","SCORING_RULE_ID","MAPPING_RULE_CASE_ID","PARTIAL_RESULT","SCORING_RULE_CASE_ID") values (4467,4804,14251,5461,2.1,13002);
Insert into "PARTIAL_RESULT" ("PARTIAL_RESULT_ID","CALCULATION_ID","SCORING_RULE_ID","MAPPING_RULE_CASE_ID","PARTIAL_RESULT","SCORING_RULE_CASE_ID") values (4468,4804,14201,5411,8,12952);
Insert into "PARTIAL_RESULT" ("PARTIAL_RESULT_ID","CALCULATION_ID","SCORING_RULE_ID","MAPPING_RULE_CASE_ID","PARTIAL_RESULT","SCORING_RULE_CASE_ID") values (4469,4804,14202,5412,5,12953);
Insert into "PARTIAL_RESULT" ("PARTIAL_RESULT_ID","CALCULATION_ID","SCORING_RULE_ID","MAPPING_RULE_CASE_ID","PARTIAL_RESULT","SCORING_RULE_CASE_ID") values (4470,4805,14151,5360,5,12901);
Insert into "PARTIAL_RESULT" ("PARTIAL_RESULT_ID","CALCULATION_ID","SCORING_RULE_ID","MAPPING_RULE_CASE_ID","PARTIAL_RESULT","SCORING_RULE_CASE_ID") values (4471,4805,14152,5363,12,12904);
Insert into "PARTIAL_RESULT" ("PARTIAL_RESULT_ID","CALCULATION_ID","SCORING_RULE_ID","MAPPING_RULE_CASE_ID","PARTIAL_RESULT","SCORING_RULE_CASE_ID") values (4472,4805,14251,5461,2.1,13002);
Insert into "PARTIAL_RESULT" ("PARTIAL_RESULT_ID","CALCULATION_ID","SCORING_RULE_ID","MAPPING_RULE_CASE_ID","PARTIAL_RESULT","SCORING_RULE_CASE_ID") values (4473,4805,14201,5411,8,12952);
Insert into "PARTIAL_RESULT" ("PARTIAL_RESULT_ID","CALCULATION_ID","SCORING_RULE_ID","MAPPING_RULE_CASE_ID","PARTIAL_RESULT","SCORING_RULE_CASE_ID") values (4474,4805,14202,5412,5,12953);
Insert into "PARTIAL_RESULT" ("PARTIAL_RESULT_ID","CALCULATION_ID","SCORING_RULE_ID","MAPPING_RULE_CASE_ID","PARTIAL_RESULT","SCORING_RULE_CASE_ID") values (4501,4851,14151,5360,5,12901);
Insert into "PARTIAL_RESULT" ("PARTIAL_RESULT_ID","CALCULATION_ID","SCORING_RULE_ID","MAPPING_RULE_CASE_ID","PARTIAL_RESULT","SCORING_RULE_CASE_ID") values (4502,4851,14152,5363,12,12904);
Insert into "PARTIAL_RESULT" ("PARTIAL_RESULT_ID","CALCULATION_ID","SCORING_RULE_ID","MAPPING_RULE_CASE_ID","PARTIAL_RESULT","SCORING_RULE_CASE_ID") values (4503,4851,14251,5461,2.1,13002);
Insert into "PARTIAL_RESULT" ("PARTIAL_RESULT_ID","CALCULATION_ID","SCORING_RULE_ID","MAPPING_RULE_CASE_ID","PARTIAL_RESULT","SCORING_RULE_CASE_ID") values (4504,4851,14201,5411,8,12952);
Insert into "PARTIAL_RESULT" ("PARTIAL_RESULT_ID","CALCULATION_ID","SCORING_RULE_ID","MAPPING_RULE_CASE_ID","PARTIAL_RESULT","SCORING_RULE_CASE_ID") values (4505,4851,14202,5412,5,12953);
Insert into "PARTIAL_RESULT" ("PARTIAL_RESULT_ID","CALCULATION_ID","SCORING_RULE_ID","MAPPING_RULE_CASE_ID","PARTIAL_RESULT","SCORING_RULE_CASE_ID") values (4506,4852,14151,5360,5,12901);
Insert into "PARTIAL_RESULT" ("PARTIAL_RESULT_ID","CALCULATION_ID","SCORING_RULE_ID","MAPPING_RULE_CASE_ID","PARTIAL_RESULT","SCORING_RULE_CASE_ID") values (4507,4852,14152,5363,12,12904);
Insert into "PARTIAL_RESULT" ("PARTIAL_RESULT_ID","CALCULATION_ID","SCORING_RULE_ID","MAPPING_RULE_CASE_ID","PARTIAL_RESULT","SCORING_RULE_CASE_ID") values (4508,4852,14251,5461,2.1,13002);
Insert into "PARTIAL_RESULT" ("PARTIAL_RESULT_ID","CALCULATION_ID","SCORING_RULE_ID","MAPPING_RULE_CASE_ID","PARTIAL_RESULT","SCORING_RULE_CASE_ID") values (4509,4852,14201,5411,8,12952);
Insert into "PARTIAL_RESULT" ("PARTIAL_RESULT_ID","CALCULATION_ID","SCORING_RULE_ID","MAPPING_RULE_CASE_ID","PARTIAL_RESULT","SCORING_RULE_CASE_ID") values (4510,4852,14202,5412,5,12953);
Insert into "PARTIAL_RESULT" ("PARTIAL_RESULT_ID","CALCULATION_ID","SCORING_RULE_ID","MAPPING_RULE_CASE_ID","PARTIAL_RESULT","SCORING_RULE_CASE_ID") values (4701,5051,14301,5511,3,13052);
Insert into "PARTIAL_RESULT" ("PARTIAL_RESULT_ID","CALCULATION_ID","SCORING_RULE_ID","MAPPING_RULE_CASE_ID","PARTIAL_RESULT","SCORING_RULE_CASE_ID") values (4710,5053,14306,5521,16,13062);
Insert into "PARTIAL_RESULT" ("PARTIAL_RESULT_ID","CALCULATION_ID","SCORING_RULE_ID","MAPPING_RULE_CASE_ID","PARTIAL_RESULT","SCORING_RULE_CASE_ID") values (4711,5054,14151,5360,5,12901);
Insert into "PARTIAL_RESULT" ("PARTIAL_RESULT_ID","CALCULATION_ID","SCORING_RULE_ID","MAPPING_RULE_CASE_ID","PARTIAL_RESULT","SCORING_RULE_CASE_ID") values (4712,5054,14152,5363,12,12904);
Insert into "PARTIAL_RESULT" ("PARTIAL_RESULT_ID","CALCULATION_ID","SCORING_RULE_ID","MAPPING_RULE_CASE_ID","PARTIAL_RESULT","SCORING_RULE_CASE_ID") values (4713,5054,14251,5461,2.1,13002);
Insert into "PARTIAL_RESULT" ("PARTIAL_RESULT_ID","CALCULATION_ID","SCORING_RULE_ID","MAPPING_RULE_CASE_ID","PARTIAL_RESULT","SCORING_RULE_CASE_ID") values (4714,5054,14201,5411,8,12952);
Insert into "PARTIAL_RESULT" ("PARTIAL_RESULT_ID","CALCULATION_ID","SCORING_RULE_ID","MAPPING_RULE_CASE_ID","PARTIAL_RESULT","SCORING_RULE_CASE_ID") values (4715,5054,14202,5412,5,12953);
Insert into "PARTIAL_RESULT" ("PARTIAL_RESULT_ID","CALCULATION_ID","SCORING_RULE_ID","MAPPING_RULE_CASE_ID","PARTIAL_RESULT","SCORING_RULE_CASE_ID") values (4751,5101,14151,5360,5,12901);
Insert into "PARTIAL_RESULT" ("PARTIAL_RESULT_ID","CALCULATION_ID","SCORING_RULE_ID","MAPPING_RULE_CASE_ID","PARTIAL_RESULT","SCORING_RULE_CASE_ID") values (4752,5101,14152,5363,12,12904);
Insert into "PARTIAL_RESULT" ("PARTIAL_RESULT_ID","CALCULATION_ID","SCORING_RULE_ID","MAPPING_RULE_CASE_ID","PARTIAL_RESULT","SCORING_RULE_CASE_ID") values (4753,5101,14251,5461,2.1,13002);
Insert into "PARTIAL_RESULT" ("PARTIAL_RESULT_ID","CALCULATION_ID","SCORING_RULE_ID","MAPPING_RULE_CASE_ID","PARTIAL_RESULT","SCORING_RULE_CASE_ID") values (4754,5101,14201,5411,8,12952);
Insert into "PARTIAL_RESULT" ("PARTIAL_RESULT_ID","CALCULATION_ID","SCORING_RULE_ID","MAPPING_RULE_CASE_ID","PARTIAL_RESULT","SCORING_RULE_CASE_ID") values (4755,5101,14202,5412,5,12953);
Insert into "PARTIAL_RESULT" ("PARTIAL_RESULT_ID","CALCULATION_ID","SCORING_RULE_ID","MAPPING_RULE_CASE_ID","PARTIAL_RESULT","SCORING_RULE_CASE_ID") values (4756,5102,14151,5360,5,12901);
Insert into "PARTIAL_RESULT" ("PARTIAL_RESULT_ID","CALCULATION_ID","SCORING_RULE_ID","MAPPING_RULE_CASE_ID","PARTIAL_RESULT","SCORING_RULE_CASE_ID") values (4757,5102,14152,5363,12,12904);
Insert into "PARTIAL_RESULT" ("PARTIAL_RESULT_ID","CALCULATION_ID","SCORING_RULE_ID","MAPPING_RULE_CASE_ID","PARTIAL_RESULT","SCORING_RULE_CASE_ID") values (4758,5102,14251,5461,2.1,13002);
Insert into "PARTIAL_RESULT" ("PARTIAL_RESULT_ID","CALCULATION_ID","SCORING_RULE_ID","MAPPING_RULE_CASE_ID","PARTIAL_RESULT","SCORING_RULE_CASE_ID") values (4759,5102,14201,5411,8,12952);
Insert into "PARTIAL_RESULT" ("PARTIAL_RESULT_ID","CALCULATION_ID","SCORING_RULE_ID","MAPPING_RULE_CASE_ID","PARTIAL_RESULT","SCORING_RULE_CASE_ID") values (4760,5102,14202,5412,5,12953);
Insert into "PARTIAL_RESULT" ("PARTIAL_RESULT_ID","CALCULATION_ID","SCORING_RULE_ID","MAPPING_RULE_CASE_ID","PARTIAL_RESULT","SCORING_RULE_CASE_ID") values (4761,5103,14301,5511,3,13052);
Insert into "PARTIAL_RESULT" ("PARTIAL_RESULT_ID","CALCULATION_ID","SCORING_RULE_ID","MAPPING_RULE_CASE_ID","PARTIAL_RESULT","SCORING_RULE_CASE_ID") values (4762,5103,14302,5514,2,13055);
Insert into "PARTIAL_RESULT" ("PARTIAL_RESULT_ID","CALCULATION_ID","SCORING_RULE_ID","MAPPING_RULE_CASE_ID","PARTIAL_RESULT","SCORING_RULE_CASE_ID") values (4763,5103,14303,5515,10,13056);
Insert into "PARTIAL_RESULT" ("PARTIAL_RESULT_ID","CALCULATION_ID","SCORING_RULE_ID","MAPPING_RULE_CASE_ID","PARTIAL_RESULT","SCORING_RULE_CASE_ID") values (4764,5103,14304,5518,14,13059);
Insert into "PARTIAL_RESULT" ("PARTIAL_RESULT_ID","CALCULATION_ID","SCORING_RULE_ID","MAPPING_RULE_CASE_ID","PARTIAL_RESULT","SCORING_RULE_CASE_ID") values (4765,5104,14301,5511,3,13052);
Insert into "PARTIAL_RESULT" ("PARTIAL_RESULT_ID","CALCULATION_ID","SCORING_RULE_ID","MAPPING_RULE_CASE_ID","PARTIAL_RESULT","SCORING_RULE_CASE_ID") values (4766,5104,14302,5514,2,13055);
Insert into "PARTIAL_RESULT" ("PARTIAL_RESULT_ID","CALCULATION_ID","SCORING_RULE_ID","MAPPING_RULE_CASE_ID","PARTIAL_RESULT","SCORING_RULE_CASE_ID") values (4767,5104,14303,5515,10,13056);
Insert into "PARTIAL_RESULT" ("PARTIAL_RESULT_ID","CALCULATION_ID","SCORING_RULE_ID","MAPPING_RULE_CASE_ID","PARTIAL_RESULT","SCORING_RULE_CASE_ID") values (4768,5104,14304,5518,14,13059);
Insert into "PARTIAL_RESULT" ("PARTIAL_RESULT_ID","CALCULATION_ID","SCORING_RULE_ID","MAPPING_RULE_CASE_ID","PARTIAL_RESULT","SCORING_RULE_CASE_ID") values (4769,5105,14307,5523,6,13064);
Insert into "PARTIAL_RESULT" ("PARTIAL_RESULT_ID","CALCULATION_ID","SCORING_RULE_ID","MAPPING_RULE_CASE_ID","PARTIAL_RESULT","SCORING_RULE_CASE_ID") values (4770,5105,14305,5520,4.5,13061);
Insert into "PARTIAL_RESULT" ("PARTIAL_RESULT_ID","CALCULATION_ID","SCORING_RULE_ID","MAPPING_RULE_CASE_ID","PARTIAL_RESULT","SCORING_RULE_CASE_ID") values (4771,5105,14306,5521,16,13062);
Insert into "PARTIAL_RESULT" ("PARTIAL_RESULT_ID","CALCULATION_ID","SCORING_RULE_ID","MAPPING_RULE_CASE_ID","PARTIAL_RESULT","SCORING_RULE_CASE_ID") values (4772,5106,14352,5560,16,13101);
Insert into "PARTIAL_RESULT" ("PARTIAL_RESULT_ID","CALCULATION_ID","SCORING_RULE_ID","MAPPING_RULE_CASE_ID","PARTIAL_RESULT","SCORING_RULE_CASE_ID") values (4773,5106,14353,5562,6,13103);
Insert into "PARTIAL_RESULT" ("PARTIAL_RESULT_ID","CALCULATION_ID","SCORING_RULE_ID","MAPPING_RULE_CASE_ID","PARTIAL_RESULT","SCORING_RULE_CASE_ID") values (4774,5107,14352,5560,16,13101);
Insert into "PARTIAL_RESULT" ("PARTIAL_RESULT_ID","CALCULATION_ID","SCORING_RULE_ID","MAPPING_RULE_CASE_ID","PARTIAL_RESULT","SCORING_RULE_CASE_ID") values (4775,5107,14353,5562,6,13103);
Insert into "PARTIAL_RESULT" ("PARTIAL_RESULT_ID","CALCULATION_ID","SCORING_RULE_ID","MAPPING_RULE_CASE_ID","PARTIAL_RESULT","SCORING_RULE_CASE_ID") values (4776,5108,14307,5523,6,13064);
Insert into "PARTIAL_RESULT" ("PARTIAL_RESULT_ID","CALCULATION_ID","SCORING_RULE_ID","MAPPING_RULE_CASE_ID","PARTIAL_RESULT","SCORING_RULE_CASE_ID") values (4777,5108,14305,5520,4.5,13061);
Insert into "PARTIAL_RESULT" ("PARTIAL_RESULT_ID","CALCULATION_ID","SCORING_RULE_ID","MAPPING_RULE_CASE_ID","PARTIAL_RESULT","SCORING_RULE_CASE_ID") values (4778,5108,14306,5521,16,13062);